{
  "updatedAt": "2025-11-11T19:31:49.832Z",
  "items": [
    {
      "id": "7tpMnVkGITI",
      "title": "HIGHLIGHTS | Doku Dismantles Liverpool | Man City 3-0 Liverpool",
      "channel": "Man City",
      "url": "https://www.youtube.com/watch?v=7tpMnVkGITI",
      "embedUrl": "https://www.youtube.com/embed/7tpMnVkGITI",
      "published": "2025-11-09T22:00:07Z"
    },
    {
      "id": "hma40Tv5B_4",
      "title": "EXTENDED HIGHLIGHTS | Crystal Palace v Brighton | Premier League",
      "channel": "Official Brighton & Hove Albion FC",
      "url": "https://www.youtube.com/watch?v=hma40Tv5B_4",
      "embedUrl": "https://www.youtube.com/embed/hma40Tv5B_4",
      "published": "2025-11-10T23:59:00Z"
    },
    {
      "id": "VHAJfLBUSyg",
      "title": "Chelsea 3-0 Wolves | HIGHLIGHTS - Extended | Premier League 2025/26",
      "channel": "Chelsea Football Club",
      "url": "https://www.youtube.com/watch?v=VHAJfLBUSyg",
      "embedUrl": "https://www.youtube.com/embed/VHAJfLBUSyg",
      "published": "2025-11-10T00:01:11Z"
    },
    {
      "id": "vTpPiFOeOA0",
      "title": "Gusto&#39;s First Chelsea Goal! | Chelsea 3-0 Wolves | HIGHLIGHTS | Premier League 2025/26",
      "channel": "Chelsea Football Club",
      "url": "https://www.youtube.com/watch?v=vTpPiFOeOA0",
      "embedUrl": "https://www.youtube.com/embed/vTpPiFOeOA0",
      "published": "2025-11-09T00:02:32Z"
    },
    {
      "id": "QHOS6Sflfdg",
      "title": "Man City dismantle the champions to go second | Man City 3-0 Liverpool | Premier League Highlights",
      "channel": "Sky Sports Premier League",
      "url": "https://www.youtube.com/watch?v=QHOS6Sflfdg",
      "embedUrl": "https://www.youtube.com/embed/QHOS6Sflfdg",
      "published": "2025-11-09T18:40:34Z"
    },
    {
      "id": "nMa2L6xpdc8",
      "title": "Manchester City vs Liverpool (3-0) Highlights | Premier League 2025/26",
      "channel": "Nexus Football",
      "url": "https://www.youtube.com/watch?v=nMa2L6xpdc8",
      "embedUrl": "https://www.youtube.com/embed/nMa2L6xpdc8",
      "published": "2025-11-09T18:46:40Z"
    },
    {
      "id": "eYcWMYhyuNE",
      "title": "Highlights: Manchester City 3-0 Liverpool | Haaland, Gonzalez &amp; Doku score in Reds defeat",
      "channel": "Liverpool FC",
      "url": "https://www.youtube.com/watch?v=eYcWMYhyuNE",
      "embedUrl": "https://www.youtube.com/embed/eYcWMYhyuNE",
      "published": "2025-11-09T22:00:39Z"
    },
    {
      "id": "Qfxs9xGa0gE",
      "title": "Villa THRASH Cherries! | Aston Villa 4-0 Bournemouth | Premier League Highlights",
      "channel": "Sky Sports Premier League",
      "url": "https://www.youtube.com/watch?v=Qfxs9xGa0gE",
      "embedUrl": "https://www.youtube.com/embed/Qfxs9xGa0gE",
      "published": "2025-11-09T16:19:12Z"
    },
    {
      "id": "lpgn1vdEH-0",
      "title": "BIG THREE POINTS! 🔥 | Nottingham Forest 3-1 Leeds United | Premier League Highlights",
      "channel": "Nottingham Forest FC ",
      "url": "https://www.youtube.com/watch?v=lpgn1vdEH-0",
      "embedUrl": "https://www.youtube.com/embed/lpgn1vdEH-0",
      "published": "2025-11-09T22:00:45Z"
    },
    {
      "id": "3yyOOYJUJ6U",
      "title": "Best goals of the 2024/2025 Premier League Season Part One 💫",
      "channel": "Sky Sports Premier League",
      "url": "https://www.youtube.com/watch?v=3yyOOYJUJ6U",
      "embedUrl": "https://www.youtube.com/embed/3yyOOYJUJ6U",
      "published": "2025-05-26T15:00:06Z"
    },
    {
      "id": "_4jqA-mz_Ig",
      "title": "EXTENDED HIGHLIGHTS | City 3-0 Liverpool | Doku stars as City beat Liverpool!",
      "channel": "Man City",
      "url": "https://www.youtube.com/watch?v=_4jqA-mz_Ig",
      "embedUrl": "https://www.youtube.com/embed/_4jqA-mz_Ig",
      "published": "2025-11-11T00:00:44Z"
    },
    {
      "id": "mYDmyjwOOhI",
      "title": "CRAZY LATE DRAMA | Tottenham Hotspur 2-2 Man Utd | Premier League Highlights",
      "channel": "Tottenham Hotspur",
      "url": "https://www.youtube.com/watch?v=mYDmyjwOOhI",
      "embedUrl": "https://www.youtube.com/embed/mYDmyjwOOhI",
      "published": "2025-11-08T21:45:04Z"
    },
    {
      "id": "lWzqf6Y9pZ4",
      "title": "Tottenham vs Manchester United (2-2) Highlights | Premier League 2025/26",
      "channel": "Nexus Football",
      "url": "https://www.youtube.com/watch?v=lWzqf6Y9pZ4",
      "embedUrl": "https://www.youtube.com/embed/lWzqf6Y9pZ4",
      "published": "2025-11-08T14:53:05Z"
    },
    {
      "id": "hrO37SOX05k",
      "title": "The Best Goals of the Premier League Season So Far!",
      "channel": "Premier League",
      "url": "https://www.youtube.com/watch?v=hrO37SOX05k",
      "embedUrl": "https://www.youtube.com/embed/hrO37SOX05k",
      "published": "2025-10-13T15:01:48Z"
    },
    {
      "id": "uwvBr2Hy2Ac",
      "title": "Thiago DOUBLE and Schade strike against Toon! | Brentford 3-1 Newcastle | Premier League Highlights",
      "channel": "Brentford Football Club",
      "url": "https://www.youtube.com/watch?v=uwvBr2Hy2Ac",
      "embedUrl": "https://www.youtube.com/embed/uwvBr2Hy2Ac",
      "published": "2025-11-09T22:00:22Z"
    },
    {
      "id": "wpcKyur-kbI",
      "title": "THE BEST PREMIER LEAGUE GOALS OF 2024/25!",
      "channel": "Premier League",
      "url": "https://www.youtube.com/watch?v=wpcKyur-kbI",
      "embedUrl": "https://www.youtube.com/embed/wpcKyur-kbI",
      "published": "2025-06-11T13:31:00Z"
    },
    {
      "id": "4COdQza_DG8",
      "title": "HIGHLIGHTS | Crystal Palace v Brighton | Premier League",
      "channel": "Official Brighton & Hove Albion FC",
      "url": "https://www.youtube.com/watch?v=4COdQza_DG8",
      "embedUrl": "https://www.youtube.com/embed/4COdQza_DG8",
      "published": "2025-11-09T22:00:04Z"
    },
    {
      "id": "irYAvHpl3T4",
      "title": "EVERTON 2-0 FULHAM | Premier League highlights",
      "channel": "Everton Football Club",
      "url": "https://www.youtube.com/watch?v=irYAvHpl3T4",
      "embedUrl": "https://www.youtube.com/embed/irYAvHpl3T4",
      "published": "2025-11-08T22:00:06Z"
    },
    {
      "id": "hhpdSD0jEoA",
      "title": "Chelsea 1-2 Sunderland | HIGHLIGHTS | Premier League 2025/26",
      "channel": "Chelsea Football Club",
      "url": "https://www.youtube.com/watch?v=hhpdSD0jEoA",
      "embedUrl": "https://www.youtube.com/embed/hhpdSD0jEoA",
      "published": "2025-10-25T21:00:42Z"
    },
    {
      "id": "PJ4-XAJ8Xns",
      "title": "Saka and Trossard extend unbeaten run! | EXTENDED HIGHLIGHTS | Sunderland vs Arsenal (2-2) | EPL",
      "channel": "Arsenal",
      "url": "https://www.youtube.com/watch?v=PJ4-XAJ8Xns",
      "embedUrl": "https://www.youtube.com/embed/PJ4-XAJ8Xns",
      "published": "2025-11-10T00:00:25Z"
    },
    {
      "id": "SXHoDl2twPg",
      "title": "A point apiece in the North East | HIGHLIGHTS | Sunderland vs Arsenal (2-2) | Saka, Trossard | EPL",
      "channel": "Arsenal",
      "url": "https://www.youtube.com/watch?v=SXHoDl2twPg",
      "embedUrl": "https://www.youtube.com/embed/SXHoDl2twPg",
      "published": "2025-11-08T22:26:57Z"
    },
    {
      "id": "ch_S1gj70Wo",
      "title": "LIVERPOOL 1 vs  0 REAL MADRID  | UEFA Champions League | HIGHLIGHTS  #ucl 2025-26",
      "channel": "SportOzg",
      "url": "https://www.youtube.com/watch?v=ch_S1gj70Wo",
      "embedUrl": "https://www.youtube.com/embed/ch_S1gj70Wo",
      "published": "2025-11-05T16:00:59Z"
    },
    {
      "id": "O56wF0Sf4DU",
      "title": "CPL FINAL HIGHLIGHTS: Atlético Ottawa vs. Cavalry FC 🇨🇦 | Nov. 9, 2025",
      "channel": "CPL Soccer",
      "url": "https://www.youtube.com/watch?v=O56wF0Sf4DU",
      "embedUrl": "https://www.youtube.com/embed/O56wF0Sf4DU",
      "published": "2025-11-10T03:39:47Z"
    },
    {
      "id": "wgDloG_gGcI",
      "title": "Wait... The GOALIE Scored?! 😱",
      "channel": "Premier League",
      "url": "https://www.youtube.com/watch?v=wgDloG_gGcI",
      "embedUrl": "https://www.youtube.com/embed/wgDloG_gGcI",
      "published": "2025-08-26T13:31:02Z"
    },
    {
      "id": "4uRdbhUXBMs",
      "title": "Extended Premier League Highlights | Sunderland AFC 2 - 2 Arsenal FC",
      "channel": "Sunderland AFC",
      "url": "https://www.youtube.com/watch?v=4uRdbhUXBMs",
      "embedUrl": "https://www.youtube.com/embed/4uRdbhUXBMs",
      "published": "2025-11-10T00:00:12Z"
    },
    {
      "id": "YpBv9KqNBUo",
      "title": "Tottenham Hotspur 2-2 Man Utd | Extended Premier League Highlights",
      "channel": "Tottenham Hotspur",
      "url": "https://www.youtube.com/watch?v=YpBv9KqNBUo",
      "embedUrl": "https://www.youtube.com/embed/YpBv9KqNBUo",
      "published": "2025-11-10T06:00:28Z"
    },
    {
      "id": "jtHALdfBciY",
      "title": "Brobbey Scores 94th-Minute Equaliser | Sunderland AFC 2 - 2 Arsenal FC | Premier League Highlights",
      "channel": "Sunderland AFC",
      "url": "https://www.youtube.com/watch?v=jtHALdfBciY",
      "embedUrl": "https://www.youtube.com/embed/jtHALdfBciY",
      "published": "2025-11-08T22:00:46Z"
    },
    {
      "id": "ABM__Eq-VKY",
      "title": "Chelsea 2-1 Liverpool | HIGHLIGHTS - Extended | Premier League 2025/26",
      "channel": "Chelsea Football Club",
      "url": "https://www.youtube.com/watch?v=ABM__Eq-VKY",
      "embedUrl": "https://www.youtube.com/embed/ABM__Eq-VKY",
      "published": "2025-10-05T23:00:12Z"
    },
    {
      "id": "x11PjV5Y4ck",
      "title": "Haaland, Reijnders &amp; Cherki get Man City off to FLYING start | Wolves 0-4 Man City | EPL Highlights",
      "channel": "Sky Sports Premier League",
      "url": "https://www.youtube.com/watch?v=x11PjV5Y4ck",
      "embedUrl": "https://www.youtube.com/embed/x11PjV5Y4ck",
      "published": "2025-08-16T18:55:29Z"
    },
    {
      "id": "cmb36PylfNw",
      "title": "Amad volley rescues point for Man Utd 🔴 | Nottingham Forest 2-2 Man Utd | Premier League Highlights",
      "channel": "Sky Sports Premier League",
      "url": "https://www.youtube.com/watch?v=cmb36PylfNw",
      "embedUrl": "https://www.youtube.com/embed/cmb36PylfNw",
      "published": "2025-11-01T17:17:18Z"
    },
    {
      "id": "4JI44qJjtcI",
      "title": "The Best Goals, Drama &amp; Highlights | Man City v Liverpool",
      "channel": "Premier League",
      "url": "https://www.youtube.com/watch?v=4JI44qJjtcI",
      "embedUrl": "https://www.youtube.com/embed/4JI44qJjtcI",
      "published": "2025-11-05T14:01:43Z"
    },
    {
      "id": "v-Yz30H4TZc",
      "title": "Trent’s Return Ends In Defeat! 😳 | Liverpool 1-0 Real Madrid | UEFA Champions League Highlights",
      "channel": "TNT Sports Football",
      "url": "https://www.youtube.com/watch?v=v-Yz30H4TZc",
      "embedUrl": "https://www.youtube.com/embed/v-Yz30H4TZc",
      "published": "2025-11-04T22:02:35Z"
    },
    {
      "id": "Lbxx_hGXCdU",
      "title": "Qarabağ 2-2 Chelsea | HIGHLIGHTS | Champions League 2025/26",
      "channel": "Chelsea Football Club",
      "url": "https://www.youtube.com/watch?v=Lbxx_hGXCdU",
      "embedUrl": "https://www.youtube.com/embed/Lbxx_hGXCdU",
      "published": "2025-11-06T18:30:20Z"
    },
    {
      "id": "naPbZe4vDsE",
      "title": "Man Utd win stormy THRILLER at Old Trafford | Man Utd 2-1 Chelsea | Premier League Highlights",
      "channel": "Sky Sports Premier League",
      "url": "https://www.youtube.com/watch?v=naPbZe4vDsE",
      "embedUrl": "https://www.youtube.com/embed/naPbZe4vDsE",
      "published": "2025-09-20T19:01:48Z"
    },
    {
      "id": "dqT_w_EyUhU",
      "title": "Highlights: Liverpool 1-0 Real Madrid | Mac Allister Goal! | UEFA Champions League",
      "channel": "Liverpool FC",
      "url": "https://www.youtube.com/watch?v=dqT_w_EyUhU",
      "embedUrl": "https://www.youtube.com/embed/dqT_w_EyUhU",
      "published": "2025-11-06T00:00:48Z"
    },
    {
      "id": "-XkzqtB3cN0",
      "title": "Black Cats return to the PL with a BANG! | Sunderland 3-0 West Ham | Premier League Highlights",
      "channel": "Sky Sports Premier League",
      "url": "https://www.youtube.com/watch?v=-XkzqtB3cN0",
      "embedUrl": "https://www.youtube.com/embed/-XkzqtB3cN0",
      "published": "2025-08-16T16:51:32Z"
    },
    {
      "id": "ApPZcCitzwE",
      "title": "Brighton 2-2 Tottenham Hotspur | Premier League Highlights",
      "channel": "Tottenham Hotspur",
      "url": "https://www.youtube.com/watch?v=ApPZcCitzwE",
      "embedUrl": "https://www.youtube.com/embed/ApPZcCitzwE",
      "published": "2025-09-20T21:00:09Z"
    },
    {
      "id": "Swyd6T5HkpU",
      "title": "SIX defeats in seven as Reds crash out! 😳 | Liverpool 0-3 Crystal Palace | Carabao Cup Highlights",
      "channel": "Sky Sports Football",
      "url": "https://www.youtube.com/watch?v=Swyd6T5HkpU",
      "embedUrl": "https://www.youtube.com/embed/Swyd6T5HkpU",
      "published": "2025-10-29T22:22:53Z"
    },
    {
      "id": "yl1h1j0-i9M",
      "title": "Mateta nets hat-trick! | Crystal Palace 3-3 Bournemouth | Premier League Highlights",
      "channel": "Sky Sports Premier League",
      "url": "https://www.youtube.com/watch?v=yl1h1j0-i9M",
      "embedUrl": "https://www.youtube.com/embed/yl1h1j0-i9M",
      "published": "2025-10-18T16:49:49Z"
    },
    {
      "id": "NCpP541MM3c",
      "title": "Nketiah ends Liverpool unbeaten run! | Crystal Palace 2-1 Liverpool | Premier League Highlights",
      "channel": "Sky Sports Premier League",
      "url": "https://www.youtube.com/watch?v=NCpP541MM3c",
      "embedUrl": "https://www.youtube.com/embed/NCpP541MM3c",
      "published": "2025-09-27T16:44:45Z"
    },
    {
      "id": "8rtgjHYx1sk",
      "title": "Late Haaland brace in Man City DEMOLITION job! | Manchester City 5-1 Burnley | EPL Highlights",
      "channel": "Sky Sports Premier League",
      "url": "https://www.youtube.com/watch?v=8rtgjHYx1sk",
      "embedUrl": "https://www.youtube.com/embed/8rtgjHYx1sk",
      "published": "2025-09-27T16:37:35Z"
    },
    {
      "id": "BBEs2m7GdZI",
      "title": "Van Hecke own goal rescues Spurs! | Brighton 2-2 Spurs | Premier League Highlights",
      "channel": "Sky Sports Premier League",
      "url": "https://www.youtube.com/watch?v=BBEs2m7GdZI",
      "embedUrl": "https://www.youtube.com/embed/BBEs2m7GdZI",
      "published": "2025-09-20T16:24:45Z"
    },
    {
      "id": "R9k3zrb7Fyc",
      "title": "Van De Ven Goal Of The Season! 🤯 | Tottenham 4-0 Copenhagen | UEFA Champions League Highlights",
      "channel": "TNT Sports Football",
      "url": "https://www.youtube.com/watch?v=R9k3zrb7Fyc",
      "embedUrl": "https://www.youtube.com/embed/R9k3zrb7Fyc",
      "published": "2025-11-04T22:09:30Z"
    },
    {
      "id": "R5WnNJUsIOA",
      "title": "Norwich City 1-2 Leicester City | Highlights",
      "channel": "Norwich City Football Club",
      "url": "https://www.youtube.com/watch?v=R5WnNJUsIOA",
      "embedUrl": "https://www.youtube.com/embed/R5WnNJUsIOA",
      "published": "2025-11-08T18:15:11Z"
    },
    {
      "id": "D7rBOd9nZRw",
      "title": "Newcastle United 1 Arsenal 2 | Premier League Highlights",
      "channel": "Newcastle United",
      "url": "https://www.youtube.com/watch?v=D7rBOd9nZRw",
      "embedUrl": "https://www.youtube.com/embed/D7rBOd9nZRw",
      "published": "2025-09-28T21:00:12Z"
    },
    {
      "id": "VGGa-scpPrk",
      "title": "ESTEWOW! 🤩 | Chelsea 2-1 Liverpool | HIGHLIGHTS | Premier League 2025/26",
      "channel": "Chelsea Football Club",
      "url": "https://www.youtube.com/watch?v=VGGa-scpPrk",
      "embedUrl": "https://www.youtube.com/embed/VGGa-scpPrk",
      "published": "2025-10-04T21:15:03Z"
    },
    {
      "id": "x6DuhArJwao",
      "title": "Estêvão scores DRAMATIC stoppage-time winner! | Chelsea 2-1 Liverpool | Premier League Highlights",
      "channel": "Sky Sports Premier League",
      "url": "https://www.youtube.com/watch?v=x6DuhArJwao",
      "embedUrl": "https://www.youtube.com/embed/x6DuhArJwao",
      "published": "2025-10-04T18:57:28Z"
    },
    {
      "id": "GDYzMFhlUmk",
      "title": "Tottenham Hotspur 1-2 Aston Villa | Premier League Highlights",
      "channel": "Tottenham Hotspur",
      "url": "https://www.youtube.com/watch?v=GDYzMFhlUmk",
      "embedUrl": "https://www.youtube.com/embed/GDYzMFhlUmk",
      "published": "2025-10-19T21:00:15Z"
    },
    {
      "id": "7p2XxgAoXgs",
      "title": "UP TO THIRD! | Cheltenham Town v Notts County Extended Highlights",
      "channel": "EFL",
      "url": "https://www.youtube.com/watch?v=7p2XxgAoXgs",
      "embedUrl": "https://www.youtube.com/embed/7p2XxgAoXgs",
      "published": "2025-11-10T23:12:11Z"
    },
    {
      "id": "QD192S6eTjs",
      "title": "Twine free kick cancels out SUPERB Watford opener! 🔥 | Watford 1-1 Bristol City | EFL Highlights",
      "channel": "Sky Sports Football",
      "url": "https://www.youtube.com/watch?v=QD192S6eTjs",
      "embedUrl": "https://www.youtube.com/embed/QD192S6eTjs",
      "published": "2025-11-07T22:22:59Z"
    },
    {
      "id": "vgh24Uropw4",
      "title": "Burgess nets two own goals against old club Ipswich 🚜 | Swansea 1-4 Ipswich | EFL Highlights",
      "channel": "Sky Sports Football",
      "url": "https://www.youtube.com/watch?v=vgh24Uropw4",
      "embedUrl": "https://www.youtube.com/embed/vgh24Uropw4",
      "published": "2025-11-08T17:55:00Z"
    },
    {
      "id": "1dnl9yrlGIQ",
      "title": "Saints make it two wins from two! 👏 | Southampton 3-1 Sheffield Wednesday | EFL Highlights",
      "channel": "Sky Sports Football",
      "url": "https://www.youtube.com/watch?v=1dnl9yrlGIQ",
      "embedUrl": "https://www.youtube.com/embed/1dnl9yrlGIQ",
      "published": "2025-11-08T17:37:14Z"
    },
    {
      "id": "ewda01ESltQ",
      "title": "HIGHLIGHTS: Southampton 3-1 Sheffield Wednesday | Championship",
      "channel": "Southampton FC",
      "url": "https://www.youtube.com/watch?v=ewda01ESltQ",
      "embedUrl": "https://www.youtube.com/embed/ewda01ESltQ",
      "published": "2025-11-08T18:11:59Z"
    },
    {
      "id": "EInkXvoo5ZM",
      "title": "James stoppage-time winner DENIES Norwich first home point | Norwich 1-2 Leicester | EFL Highlights",
      "channel": "Sky Sports Football",
      "url": "https://www.youtube.com/watch?v=EInkXvoo5ZM",
      "embedUrl": "https://www.youtube.com/embed/EInkXvoo5ZM",
      "published": "2025-11-08T17:18:17Z"
    },
    {
      "id": "NNSJp70l050",
      "title": "Managerless Saints end losing run! ✅ | QPR 1-2 Southampton | EFL Highlights",
      "channel": "Sky Sports Football",
      "url": "https://www.youtube.com/watch?v=NNSJp70l050",
      "embedUrl": "https://www.youtube.com/embed/NNSJp70l050",
      "published": "2025-11-05T22:24:01Z"
    },
    {
      "id": "uylUTnNtPDg",
      "title": "TOP 2 BATTLE! | Stoke City v Coventry City extended highlights",
      "channel": "EFL",
      "url": "https://www.youtube.com/watch?v=uylUTnNtPDg",
      "embedUrl": "https://www.youtube.com/embed/uylUTnNtPDg",
      "published": "2025-11-08T21:39:18Z"
    },
    {
      "id": "gFt4K7CgHqQ",
      "title": "Rams ruin Rovers&#39; anniversary celebrations! | Blackburn 1-2 Derby | EFL Highlights",
      "channel": "Sky Sports Football",
      "url": "https://www.youtube.com/watch?v=gFt4K7CgHqQ",
      "embedUrl": "https://www.youtube.com/embed/gFt4K7CgHqQ",
      "published": "2025-11-08T15:01:17Z"
    },
    {
      "id": "SR6c62EQvj4",
      "title": "Barry Bannan scores STUNNER! 🤩 | Sheffield Wednesday 1-1 Norwich | EFL Highlights",
      "channel": "Sky Sports Football",
      "url": "https://www.youtube.com/watch?v=SR6c62EQvj4",
      "embedUrl": "https://www.youtube.com/embed/SR6c62EQvj4",
      "published": "2025-11-05T22:04:14Z"
    },
    {
      "id": "X_vQFpdyRFE",
      "title": "Boro go second with home win 📈 | Middlesbrough 2-1 Birmingham | EFL Highlights",
      "channel": "Sky Sports Football",
      "url": "https://www.youtube.com/watch?v=X_vQFpdyRFE",
      "embedUrl": "https://www.youtube.com/embed/X_vQFpdyRFE",
      "published": "2025-11-08T17:31:05Z"
    },
    {
      "id": "g0Y0ngnjQ8E",
      "title": "Sheffield United 0-0 Queens Park Rangers | EFL Championship highlights",
      "channel": "Sheffield United FC",
      "url": "https://www.youtube.com/watch?v=g0Y0ngnjQ8E",
      "embedUrl": "https://www.youtube.com/embed/g0Y0ngnjQ8E",
      "published": "2025-11-08T17:55:00Z"
    },
    {
      "id": "ZWnjtZQ70ao",
      "title": "Stoke City vs Coventry City | EFL Championship | 2025/26 | Full Match Highlights",
      "channel": "FanCode",
      "url": "https://www.youtube.com/watch?v=ZWnjtZQ70ao",
      "embedUrl": "https://www.youtube.com/embed/ZWnjtZQ70ao",
      "published": "2025-11-08T18:14:19Z"
    },
    {
      "id": "a4nBDlmj8T0",
      "title": "Coventry City 3-1 Sheffield United | EFL Championship highlights",
      "channel": "Sheffield United FC",
      "url": "https://www.youtube.com/watch?v=a4nBDlmj8T0",
      "embedUrl": "https://www.youtube.com/embed/a4nBDlmj8T0",
      "published": "2025-11-04T23:02:17Z"
    },
    {
      "id": "-lQrlFSaWGQ",
      "title": "TOP TWO! | Middlesbrough v Birmingham City extended highlights",
      "channel": "EFL",
      "url": "https://www.youtube.com/watch?v=-lQrlFSaWGQ",
      "embedUrl": "https://www.youtube.com/embed/-lQrlFSaWGQ",
      "published": "2025-11-08T21:48:06Z"
    },
    {
      "id": "VANmRNRu96c",
      "title": "Thiago SHINES as Bees beat Magpies | Brentford 3-1 Newcastle | Premier League Highlights",
      "channel": "Sky Sports Premier League",
      "url": "https://www.youtube.com/watch?v=VANmRNRu96c",
      "embedUrl": "https://www.youtube.com/embed/VANmRNRu96c",
      "published": "2025-11-09T16:28:39Z"
    },
    {
      "id": "jckRHI2oVHM",
      "title": "SAVAGE STARS! 🏴󠁧󠁢󠁷󠁬󠁳󠁿 | Reading v Stevenage Extended Highlights",
      "channel": "EFL",
      "url": "https://www.youtube.com/watch?v=jckRHI2oVHM",
      "embedUrl": "https://www.youtube.com/embed/jckRHI2oVHM",
      "published": "2025-11-06T23:22:32Z"
    },
    {
      "id": "kMVeXyhix5I",
      "title": "Late goals from Marmoush &amp; Cherki spare Man City | Swansea 1-3 Man City | Carabao Cup Highlights",
      "channel": "Sky Sports Football",
      "url": "https://www.youtube.com/watch?v=kMVeXyhix5I",
      "embedUrl": "https://www.youtube.com/embed/kMVeXyhix5I",
      "published": "2025-10-29T22:45:13Z"
    },
    {
      "id": "jPbaP7C8CjE",
      "title": "SAKA SHINES! 💫 | Arsenal v Brighton &amp; Hove Albion Extended Highlights",
      "channel": "EFL",
      "url": "https://www.youtube.com/watch?v=jPbaP7C8CjE",
      "embedUrl": "https://www.youtube.com/embed/jPbaP7C8CjE",
      "published": "2025-10-30T00:00:07Z"
    },
    {
      "id": "Aqe6C9iQ-HQ",
      "title": "Chelsea 1-2 Sunderland | HIGHLIGHTS - Extended | Premier League 2025/26",
      "channel": "Chelsea Football Club",
      "url": "https://www.youtube.com/watch?v=Aqe6C9iQ-HQ",
      "embedUrl": "https://www.youtube.com/embed/Aqe6C9iQ-HQ",
      "published": "2025-10-27T00:01:23Z"
    },
    {
      "id": "BsYIs_jJ1XQ",
      "title": "Champions League Highlights: Newcastle Utd v Athletic Bilbao",
      "channel": "RTÉ Sport",
      "url": "https://www.youtube.com/watch?v=BsYIs_jJ1XQ",
      "embedUrl": "https://www.youtube.com/embed/BsYIs_jJ1XQ",
      "published": "2025-11-06T10:19:03Z"
    },
    {
      "id": "BiY23rb4des",
      "title": "Small scores SENSATIONAL strike! 🚀 | Preston 2-1 Swansea | EFL Highlights",
      "channel": "Sky Sports Football",
      "url": "https://www.youtube.com/watch?v=BiY23rb4des",
      "embedUrl": "https://www.youtube.com/embed/BiY23rb4des",
      "published": "2025-11-05T22:12:13Z"
    },
    {
      "id": "9VVX3HOt88U",
      "title": "Hull END Blues 29-game unbeaten home run! 🤯| Birmingham 2-3 Hull City | EFL Highlights",
      "channel": "Sky Sports Football",
      "url": "https://www.youtube.com/watch?v=9VVX3HOt88U",
      "embedUrl": "https://www.youtube.com/embed/9VVX3HOt88U",
      "published": "2025-10-18T16:49:59Z"
    },
    {
      "id": "Su63RLbh4yY",
      "title": "Bayern Munich 3-1 Chelsea | HIGHLIGHTS | Champions League 2025/26",
      "channel": "Chelsea Football Club",
      "url": "https://www.youtube.com/watch?v=Su63RLbh4yY",
      "embedUrl": "https://www.youtube.com/embed/Su63RLbh4yY",
      "published": "2025-09-18T05:30:30Z"
    },
    {
      "id": "t7xD6mVBL2M",
      "title": "Chelsea 1-0 Benfica | HIGHLIGHTS | Champions League 2025/26",
      "channel": "Chelsea Football Club",
      "url": "https://www.youtube.com/watch?v=t7xD6mVBL2M",
      "embedUrl": "https://www.youtube.com/embed/t7xD6mVBL2M",
      "published": "2025-10-01T00:58:33Z"
    },
    {
      "id": "ORjF4EVROOM",
      "title": "REDS CRASH OUT! 🏆 | Liverpool v Crystal Palace Extended Highlights",
      "channel": "EFL",
      "url": "https://www.youtube.com/watch?v=ORjF4EVROOM",
      "embedUrl": "https://www.youtube.com/embed/ORjF4EVROOM",
      "published": "2025-10-30T00:06:21Z"
    },
    {
      "id": "pC10ZIzpXEc",
      "title": "SCREAMERS GALORE! 💥 | Juventus 4-4 Borussia Dortmund | UEFA Champions League Highlights",
      "channel": "TNT Sports Football",
      "url": "https://www.youtube.com/watch?v=pC10ZIzpXEc",
      "embedUrl": "https://www.youtube.com/embed/pC10ZIzpXEc",
      "published": "2025-09-16T21:45:36Z"
    },
    {
      "id": "jkgE-H3DvPg",
      "title": "Chelsea 1-3 Brighton | HIGHLIGHTS | Premier League 2025/26",
      "channel": "Chelsea Football Club",
      "url": "https://www.youtube.com/watch?v=jkgE-H3DvPg",
      "embedUrl": "https://www.youtube.com/embed/jkgE-H3DvPg",
      "published": "2025-09-27T21:22:36Z"
    },
    {
      "id": "26ZsQLmMKZ8",
      "title": "Queens Park Rangers 0-0 Sheffield United | Extended EFL Championship highlights",
      "channel": "Sheffield United FC",
      "url": "https://www.youtube.com/watch?v=26ZsQLmMKZ8",
      "embedUrl": "https://www.youtube.com/embed/26ZsQLmMKZ8",
      "published": "2025-11-09T00:00:05Z"
    },
    {
      "id": "bPX6g897UPc",
      "title": "Lincoln 1-2 Chelsea | HIGHLIGHTS | Carabao Cup 2025/26",
      "channel": "Chelsea Football Club",
      "url": "https://www.youtube.com/watch?v=bPX6g897UPc",
      "embedUrl": "https://www.youtube.com/embed/bPX6g897UPc",
      "published": "2025-09-23T23:00:49Z"
    },
    {
      "id": "JOpD8Vk3rAo",
      "title": "FIVE GOALS! | Grimsby Town v Brentford Extended Highlights",
      "channel": "EFL",
      "url": "https://www.youtube.com/watch?v=JOpD8Vk3rAo",
      "embedUrl": "https://www.youtube.com/embed/JOpD8Vk3rAo",
      "published": "2025-10-29T00:48:32Z"
    },
    {
      "id": "r0bHdnKoGWs",
      "title": "Highlights: Liverpool 0-3 Crystal Palace | Reds Exit Carabao Cup",
      "channel": "Liverpool FC",
      "url": "https://www.youtube.com/watch?v=r0bHdnKoGWs",
      "embedUrl": "https://www.youtube.com/embed/r0bHdnKoGWs",
      "published": "2025-10-29T23:02:29Z"
    },
    {
      "id": "vZ1BCUcSCSE",
      "title": "Kieffer Moore hat-trick SHOCKS Coventry City! 😱 | Wrexham 3-2 Coventry | EFL Highlights",
      "channel": "Sky Sports Football",
      "url": "https://www.youtube.com/watch?v=vZ1BCUcSCSE",
      "embedUrl": "https://www.youtube.com/embed/vZ1BCUcSCSE",
      "published": "2025-10-31T22:15:00Z"
    },
    {
      "id": "i7C6ihyzCHE",
      "title": "Sunderland END Arsenal’s clean sheet run! | Sunderland 2-2 Arsenal | Premier League Highlights",
      "channel": "Sky Sports Premier League",
      "url": "https://www.youtube.com/watch?v=i7C6ihyzCHE",
      "embedUrl": "https://www.youtube.com/embed/i7C6ihyzCHE",
      "published": "2025-11-08T20:03:14Z"
    },
    {
      "id": "HxzLwgoFVKo",
      "title": "UP TO 4TH! | Preston North End v Swansea City extended highlights",
      "channel": "EFL",
      "url": "https://www.youtube.com/watch?v=HxzLwgoFVKo",
      "embedUrl": "https://www.youtube.com/embed/HxzLwgoFVKo",
      "published": "2025-11-05T23:33:36Z"
    },
    {
      "id": "SKrobU9H0fw",
      "title": "Philogene STUNNER as Ipswich end 16-year derby winless run 🧨| Ipswich 3-1 Norwich | EFL Highlights",
      "channel": "Sky Sports Football",
      "url": "https://www.youtube.com/watch?v=SKrobU9H0fw",
      "embedUrl": "https://www.youtube.com/embed/SKrobU9H0fw",
      "published": "2025-10-05T13:37:57Z"
    },
    {
      "id": "0VJbnTBWvcQ",
      "title": "HIGHLIGHTS | Real Madrid 4-0 Valencia | LaLiga",
      "channel": "Real Madrid",
      "url": "https://www.youtube.com/watch?v=0VJbnTBWvcQ",
      "embedUrl": "https://www.youtube.com/embed/0VJbnTBWvcQ",
      "published": "2025-11-01T23:00:21Z"
    },
    {
      "id": "LFzrA492gdw",
      "title": "HIGHLIGHTS | Real Madrid 2-1 Barcelona | LaLiga",
      "channel": "Real Madrid",
      "url": "https://www.youtube.com/watch?v=LFzrA492gdw",
      "embedUrl": "https://www.youtube.com/embed/LFzrA492gdw",
      "published": "2025-10-26T21:59:42Z"
    },
    {
      "id": "2EGTD_d6Ubo",
      "title": "HIGHLIGHTS | Real Madrid 2-1 RCD Mallorca | LaLiga",
      "channel": "Real Madrid",
      "url": "https://www.youtube.com/watch?v=2EGTD_d6Ubo",
      "embedUrl": "https://www.youtube.com/embed/2EGTD_d6Ubo",
      "published": "2025-08-30T22:45:40Z"
    },
    {
      "id": "jsJCSlhhZCk",
      "title": "Real Madrid vs Barcelona 2-1 - All Goals &amp; Highlights - 2025",
      "channel": "SABIO - سابيو",
      "url": "https://www.youtube.com/watch?v=jsJCSlhhZCk",
      "embedUrl": "https://www.youtube.com/embed/jsJCSlhhZCk",
      "published": "2025-10-26T16:12:20Z"
    },
    {
      "id": "YkNCCLAtHkA",
      "title": "HIGHLIGHTS | Levante 1-4 Real Madrid | LaLiga",
      "channel": "Real Madrid",
      "url": "https://www.youtube.com/watch?v=YkNCCLAtHkA",
      "embedUrl": "https://www.youtube.com/embed/YkNCCLAtHkA",
      "published": "2025-09-23T22:37:06Z"
    },
    {
      "id": "y_fugeh_YVU",
      "title": "HIGHLIGHTS | Real Madrid 2-1 Barcelona | Jude Bellingham shines as hosts prevail in El Clásico",
      "channel": "Premier Sports",
      "url": "https://www.youtube.com/watch?v=y_fugeh_YVU",
      "embedUrl": "https://www.youtube.com/embed/y_fugeh_YVU",
      "published": "2025-10-26T17:42:15Z"
    },
    {
      "id": "gWqAvSDEsp4",
      "title": "HIGHLIGHTS | Celta de Vigo 2-4 Barcelona | Lewandowski hat-trick as Rashford impresses again",
      "channel": "Premier Sports",
      "url": "https://www.youtube.com/watch?v=gWqAvSDEsp4",
      "embedUrl": "https://www.youtube.com/embed/gWqAvSDEsp4",
      "published": "2025-11-09T22:15:11Z"
    },
    {
      "id": "jsz6qAwlCEg",
      "title": "HIGHLIGHTS | Real Madrid 3-1 Villarreal | LaLiga",
      "channel": "Real Madrid",
      "url": "https://www.youtube.com/watch?v=jsz6qAwlCEg",
      "embedUrl": "https://www.youtube.com/embed/jsz6qAwlCEg",
      "published": "2025-10-04T22:09:28Z"
    },
    {
      "id": "TRwxe30ZTLA",
      "title": "HIGHLIGHTS | Rayo Vallecano 0-0 Real Madrid | Madrid Derby at Vallecas ends all square",
      "channel": "Premier Sports",
      "url": "https://www.youtube.com/watch?v=TRwxe30ZTLA",
      "embedUrl": "https://www.youtube.com/embed/TRwxe30ZTLA",
      "published": "2025-11-09T17:18:26Z"
    },
    {
      "id": "7qv6dvxvkp4",
      "title": "All Barcelona Goals – 2024/25 Season (174 Goals)",
      "channel": "FootballWikiHub",
      "url": "https://www.youtube.com/watch?v=7qv6dvxvkp4",
      "embedUrl": "https://www.youtube.com/embed/7qv6dvxvkp4",
      "published": "2025-06-13T11:54:38Z"
    },
    {
      "id": "y_R601Sg11k",
      "title": "HIGHLIGHTS | Real Madrid 2-0 Espanyol | LaLiga",
      "channel": "Real Madrid",
      "url": "https://www.youtube.com/watch?v=y_R601Sg11k",
      "embedUrl": "https://www.youtube.com/embed/y_R601Sg11k",
      "published": "2025-09-20T21:02:10Z"
    },
    {
      "id": "1Q1FypxVxRI",
      "title": "PURE DRAMA! Kane Secures DRAW! | UNION BERLIN - FC BAYERN | Highlights | MD 10 – Bundesliga 2025/26",
      "channel": "Bundesliga",
      "url": "https://www.youtube.com/watch?v=1Q1FypxVxRI",
      "embedUrl": "https://www.youtube.com/embed/1Q1FypxVxRI",
      "published": "2025-11-08T16:44:45Z"
    },
    {
      "id": "ipeiJ_3jaAI",
      "title": "HIGHLIGHTS | Real Oviedo 0-3 Real Madrid | LaLiga",
      "channel": "Real Madrid",
      "url": "https://www.youtube.com/watch?v=ipeiJ_3jaAI",
      "embedUrl": "https://www.youtube.com/embed/ipeiJ_3jaAI",
      "published": "2025-08-24T22:19:05Z"
    },
    {
      "id": "nFY_x7Jfz30",
      "title": "HIGHLIGHTS | NEWCASTLE 1 vs 2 FC BARCELONA | UEFA CHAMPIONS LEAGUE 🔵🔴",
      "channel": "FC Barcelona",
      "url": "https://www.youtube.com/watch?v=nFY_x7Jfz30",
      "embedUrl": "https://www.youtube.com/embed/nFY_x7Jfz30",
      "published": "2025-09-19T21:00:53Z"
    },
    {
      "id": "wevdkoGaSDA",
      "title": "Real Madrid vs Barcelona 2-1 - All Goals &amp; Highlights - 2025",
      "channel": "SABIO - سابيو",
      "url": "https://www.youtube.com/watch?v=wevdkoGaSDA",
      "embedUrl": "https://www.youtube.com/embed/wevdkoGaSDA",
      "published": "2025-10-26T17:21:19Z"
    },
    {
      "id": "Gyd6iZLmw7E",
      "title": "Real Madrid vs Barcelona 4-3 - All Goals &amp; Highlights - 2025",
      "channel": "HEMA GAMING",
      "url": "https://www.youtube.com/watch?v=Gyd6iZLmw7E",
      "embedUrl": "https://www.youtube.com/embed/Gyd6iZLmw7E",
      "published": "2025-10-25T19:30:07Z"
    }
  ]
}