{
  "updatedAt": "2025-11-11T19:31:59.124Z",
  "items": [
    {
      "id": "o3LzynlMA54",
      "title": "Epic Fails Gone Viral 😂 Top Funny Videos 2025",
      "channel": "America's Funniest Home Videos",
      "url": "https://www.youtube.com/watch?v=o3LzynlMA54",
      "embedUrl": "https://www.youtube.com/embed/o3LzynlMA54",
      "published": "2025-11-10T15:01:35Z"
    },
    {
      "id": "lSGtRtKeRE4",
      "title": "Try Not to Laugh Challenge 🤣 Best Fails of April 2025",
      "channel": "America's Funniest Home Videos",
      "url": "https://www.youtube.com/watch?v=lSGtRtKeRE4",
      "embedUrl": "https://www.youtube.com/embed/lSGtRtKeRE4",
      "published": "2025-04-24T14:01:13Z"
    },
    {
      "id": "k7Q60-V4qaI",
      "title": "Top New Funniest Comedy Video 😂 Most Watch Viral Funny Video 2025 Episode 427 By my family",
      "channel": "MY FAMILY",
      "url": "https://www.youtube.com/watch?v=k7Q60-V4qaI",
      "embedUrl": "https://www.youtube.com/embed/k7Q60-V4qaI",
      "published": "2025-11-11T05:53:45Z"
    },
    {
      "id": "QnXm1CmyCo4",
      "title": "Best Fails of August 2025 😂 Try Not to Laugh Challenge",
      "channel": "America's Funniest Home Videos",
      "url": "https://www.youtube.com/watch?v=QnXm1CmyCo4",
      "embedUrl": "https://www.youtube.com/embed/QnXm1CmyCo4",
      "published": "2025-08-21T14:00:42Z"
    },
    {
      "id": "pGU1W-F7oD0",
      "title": "Best TikToks of 2025 So Far 😂 Funniest Viral Videos",
      "channel": "America's Funniest Home Videos",
      "url": "https://www.youtube.com/watch?v=pGU1W-F7oD0",
      "embedUrl": "https://www.youtube.com/embed/pGU1W-F7oD0",
      "published": "2025-04-28T14:01:19Z"
    },
    {
      "id": "725Sqwpalws",
      "title": "2025 Fails in Review 🤣 Funniest Fails of the Year So Far",
      "channel": "America's Funniest Home Videos",
      "url": "https://www.youtube.com/watch?v=725Sqwpalws",
      "embedUrl": "https://www.youtube.com/embed/725Sqwpalws",
      "published": "2025-07-10T14:00:08Z"
    },
    {
      "id": "J0nkRMxCjPk",
      "title": "Try Not to Laugh Challenge 🤣 Best Fails of September 2025",
      "channel": "America's Funniest Home Videos",
      "url": "https://www.youtube.com/watch?v=J0nkRMxCjPk",
      "embedUrl": "https://www.youtube.com/embed/J0nkRMxCjPk",
      "published": "2025-09-18T14:00:38Z"
    },
    {
      "id": "JzoX5_PT_NA",
      "title": "How 2025 is Going So Far 😂 Best Fails of the Week",
      "channel": "America's Funniest Home Videos",
      "url": "https://www.youtube.com/watch?v=JzoX5_PT_NA",
      "embedUrl": "https://www.youtube.com/embed/JzoX5_PT_NA",
      "published": "2025-01-02T15:00:19Z"
    },
    {
      "id": "v-s4njLYbxw",
      "title": "Best Fails of the Year So Far 🤣 Funniest Fails of 2025",
      "channel": "America's Funniest Home Videos",
      "url": "https://www.youtube.com/watch?v=v-s4njLYbxw",
      "embedUrl": "https://www.youtube.com/embed/v-s4njLYbxw",
      "published": "2025-05-26T14:01:23Z"
    },
    {
      "id": "FfFyuM1jrP4",
      "title": "Try Not to Laugh Challenge 🤣 ULTIMATE Funny Fails 2025",
      "channel": "America's Funniest Home Videos",
      "url": "https://www.youtube.com/watch?v=FfFyuM1jrP4",
      "embedUrl": "https://www.youtube.com/embed/FfFyuM1jrP4",
      "published": "2025-07-03T14:00:24Z"
    },
    {
      "id": "O0UB4kuPhHo",
      "title": "Funniest Fails you Missed🤣 Best Fails of the Week",
      "channel": "America's Funniest Home Videos",
      "url": "https://www.youtube.com/watch?v=O0UB4kuPhHo",
      "embedUrl": "https://www.youtube.com/embed/O0UB4kuPhHo",
      "published": "2025-10-16T14:00:40Z"
    },
    {
      "id": "G8sFiUWVFV8",
      "title": "Funny Videos Gone WRONG 🫣 Best Fails of the Week",
      "channel": "America's Funniest Home Videos",
      "url": "https://www.youtube.com/watch?v=G8sFiUWVFV8",
      "embedUrl": "https://www.youtube.com/embed/G8sFiUWVFV8",
      "published": "2025-09-25T14:00:26Z"
    },
    {
      "id": "xr5-LZeB_9k",
      "title": "Best Viral Moments | Best Fails and Wipeouts",
      "channel": "FailArmy",
      "url": "https://www.youtube.com/watch?v=xr5-LZeB_9k",
      "embedUrl": "https://www.youtube.com/embed/xr5-LZeB_9k",
      "published": "2025-08-13T13:01:50Z"
    },
    {
      "id": "BYeWNfsWQa8",
      "title": "FUNNIEST Dad Moves! 😆 Best Fail Videos 2025",
      "channel": "America's Funniest Home Videos",
      "url": "https://www.youtube.com/watch?v=BYeWNfsWQa8",
      "embedUrl": "https://www.youtube.com/embed/BYeWNfsWQa8",
      "published": "2025-06-14T14:00:21Z"
    },
    {
      "id": "sdMMyfBtYGc",
      "title": "Caught in 4K! 🤣 Funny Fails Caught on Camera",
      "channel": "America's Funniest Home Videos",
      "url": "https://www.youtube.com/watch?v=sdMMyfBtYGc",
      "embedUrl": "https://www.youtube.com/embed/sdMMyfBtYGc",
      "published": "2025-09-22T14:01:35Z"
    },
    {
      "id": "ZyQaVHOu_Wk",
      "title": "Best TikToks of Summer 2025 😆 Top Viral Funny Videos",
      "channel": "America's Funniest Home Videos",
      "url": "https://www.youtube.com/watch?v=ZyQaVHOu_Wk",
      "embedUrl": "https://www.youtube.com/embed/ZyQaVHOu_Wk",
      "published": "2025-09-04T14:00:53Z"
    },
    {
      "id": "tX-6XdbAC7E",
      "title": "Why did he do this? 😭",
      "channel": "America's Funniest Home Videos",
      "url": "https://www.youtube.com/watch?v=tX-6XdbAC7E",
      "embedUrl": "https://www.youtube.com/embed/tX-6XdbAC7E",
      "published": "2025-08-26T01:00:49Z"
    },
    {
      "id": "AqNgOBIs8jk",
      "title": "Funny Videos That Went Very Wrong 🤣 Best Fails of the Week",
      "channel": "America's Funniest Home Videos",
      "url": "https://www.youtube.com/watch?v=AqNgOBIs8jk",
      "embedUrl": "https://www.youtube.com/embed/AqNgOBIs8jk",
      "published": "2025-10-09T14:00:17Z"
    },
    {
      "id": "QbaPPujsWW8",
      "title": "Halloween Fails 2025🎃 Funniest Spooky Fails Caught on Camera",
      "channel": "America's Funniest Home Videos",
      "url": "https://www.youtube.com/watch?v=QbaPPujsWW8",
      "embedUrl": "https://www.youtube.com/embed/QbaPPujsWW8",
      "published": "2025-10-13T14:00:44Z"
    },
    {
      "id": "DwnN62nNzC4",
      "title": "Funniest Messy Fails😱 Ultimate Fails Caught on Camera",
      "channel": "America's Funniest Home Videos",
      "url": "https://www.youtube.com/watch?v=DwnN62nNzC4",
      "embedUrl": "https://www.youtube.com/embed/DwnN62nNzC4",
      "published": "2025-09-01T14:00:20Z"
    },
    {
      "id": "06o1AppgIH0",
      "title": "Caught in 4K! 😂 Best Security Camera Fails of 2025 So Far",
      "channel": "America's Funniest Home Videos",
      "url": "https://www.youtube.com/watch?v=06o1AppgIH0",
      "embedUrl": "https://www.youtube.com/embed/06o1AppgIH0",
      "published": "2025-06-09T14:00:02Z"
    },
    {
      "id": "uMyGxJCuVqk",
      "title": "Where EVERYTHING Went Wrong! 😂 Best Fails of May 2025",
      "channel": "America's Funniest Home Videos",
      "url": "https://www.youtube.com/watch?v=uMyGxJCuVqk",
      "embedUrl": "https://www.youtube.com/embed/uMyGxJCuVqk",
      "published": "2025-05-29T14:01:23Z"
    },
    {
      "id": "DBr2HHSIX8U",
      "title": "Try Not to Laugh Challenge Impossible🤣 Best Fails of July 2025",
      "channel": "America's Funniest Home Videos",
      "url": "https://www.youtube.com/watch?v=DBr2HHSIX8U",
      "embedUrl": "https://www.youtube.com/embed/DBr2HHSIX8U",
      "published": "2025-07-31T14:00:16Z"
    },
    {
      "id": "N4z5YRdjJQ4",
      "title": "ISSEI funny video 😂😂😂 Funny effects!",
      "channel": "ISSEI / いっせい",
      "url": "https://www.youtube.com/watch?v=N4z5YRdjJQ4",
      "embedUrl": "https://www.youtube.com/embed/N4z5YRdjJQ4",
      "published": "2022-08-02T11:30:16Z"
    },
    {
      "id": "Tjrho4MWuTM",
      "title": "Try not to laugh ❗ | 401 #funny",
      "channel": "Panda Shorts",
      "url": "https://www.youtube.com/watch?v=Tjrho4MWuTM",
      "embedUrl": "https://www.youtube.com/embed/Tjrho4MWuTM",
      "published": "2025-01-02T12:35:46Z"
    },
    {
      "id": "39ColarOWKo",
      "title": "Funniest Animal Videos Ever (Part 1)",
      "channel": "Daily Dose Of Internet",
      "url": "https://www.youtube.com/watch?v=39ColarOWKo",
      "embedUrl": "https://www.youtube.com/embed/39ColarOWKo",
      "published": "2025-04-12T17:22:02Z"
    },
    {
      "id": "zu4hYsUiHyM",
      "title": "Gravity Said NOPE! 😁 Funniest Fails of October 2025",
      "channel": "America's Funniest Home Videos",
      "url": "https://www.youtube.com/watch?v=zu4hYsUiHyM",
      "embedUrl": "https://www.youtube.com/embed/zu4hYsUiHyM",
      "published": "2025-10-23T14:01:37Z"
    },
    {
      "id": "q6wFT_CtBV4",
      "title": "World&#39;s *HARDEST* TRY NOT TO LAUGH Challenge! (IMPOSSIBLE) | Best Funny Videos Of 2025 😂",
      "channel": "Top Things",
      "url": "https://www.youtube.com/watch?v=q6wFT_CtBV4",
      "embedUrl": "https://www.youtube.com/embed/q6wFT_CtBV4",
      "published": "2025-11-09T13:10:56Z"
    },
    {
      "id": "FFi-AU09ZUY",
      "title": "Best TikTok Videos Ever! 🤣 Funniest Viral Fails",
      "channel": "America's Funniest Home Videos",
      "url": "https://www.youtube.com/watch?v=FFi-AU09ZUY",
      "embedUrl": "https://www.youtube.com/embed/FFi-AU09ZUY",
      "published": "2025-01-30T15:00:25Z"
    },
    {
      "id": "VBd80rxIj7I",
      "title": "Best Funny Videos Of 2025 😂😁 | Try Not To Laugh CHALLENGE (Impossible)",
      "channel": "Top Things",
      "url": "https://www.youtube.com/watch?v=VBd80rxIj7I",
      "embedUrl": "https://www.youtube.com/embed/VBd80rxIj7I",
      "published": "2025-10-26T20:04:53Z"
    },
    {
      "id": "3c9QF8blViI",
      "title": "Best Funny Videos Of 2025 😂😁 TRY NOT TO LAUGH Funny Videos",
      "channel": "Top Things",
      "url": "https://www.youtube.com/watch?v=3c9QF8blViI",
      "embedUrl": "https://www.youtube.com/embed/3c9QF8blViI",
      "published": "2025-08-24T14:00:05Z"
    },
    {
      "id": "YFUGXoSxxUQ",
      "title": "When Things Go From Bad to WORSE! 😭 Funniest Fail Videos",
      "channel": "America's Funniest Home Videos",
      "url": "https://www.youtube.com/watch?v=YFUGXoSxxUQ",
      "embedUrl": "https://www.youtube.com/embed/YFUGXoSxxUQ",
      "published": "2025-01-16T15:00:48Z"
    },
    {
      "id": "Z_Z9gBFGiXM",
      "title": "Top 100 Funniest Videos From Around The World 😂😁 Try Not To Laugh || Memes Part 15",
      "channel": "H2T - FailNation",
      "url": "https://www.youtube.com/watch?v=Z_Z9gBFGiXM",
      "embedUrl": "https://www.youtube.com/embed/Z_Z9gBFGiXM",
      "published": "2025-09-06T13:01:09Z"
    },
    {
      "id": "iqkNoO2dRrg",
      "title": "Best Scare Pranks of the Year So Far 🤣 Funniest Scares of 2025",
      "channel": "America's Funniest Home Videos",
      "url": "https://www.youtube.com/watch?v=iqkNoO2dRrg",
      "embedUrl": "https://www.youtube.com/embed/iqkNoO2dRrg",
      "published": "2025-06-02T14:01:11Z"
    },
    {
      "id": "R9VvNR2QwlQ",
      "title": "google meme teacher | google reading funny | google spelling funny",
      "channel": "Let's Laugh Together",
      "url": "https://www.youtube.com/watch?v=R9VvNR2QwlQ",
      "embedUrl": "https://www.youtube.com/embed/R9VvNR2QwlQ",
      "published": "2019-05-29T06:05:46Z"
    },
    {
      "id": "yW8ysn5LbrY",
      "title": "Extreme funniest videos on tiktok 2025, try not to laugh, part 21",
      "channel": "Funny joint ",
      "url": "https://www.youtube.com/watch?v=yW8ysn5LbrY",
      "embedUrl": "https://www.youtube.com/embed/yW8ysn5LbrY",
      "published": "2025-09-12T14:45:09Z"
    },
    {
      "id": "QMAnClz2M64",
      "title": "That&#39;s one way to spell it 🤣 #afv #funny #fail",
      "channel": "America's Funniest Home Videos",
      "url": "https://www.youtube.com/watch?v=QMAnClz2M64",
      "embedUrl": "https://www.youtube.com/embed/QMAnClz2M64",
      "published": "2024-11-01T14:00:29Z"
    },
    {
      "id": "8Jt2XEyMLCA",
      "title": "100% Funny Fails 🤣 Instant Regret Compilation",
      "channel": "America's Funniest Home Videos",
      "url": "https://www.youtube.com/watch?v=8Jt2XEyMLCA",
      "embedUrl": "https://www.youtube.com/embed/8Jt2XEyMLCA",
      "published": "2025-10-20T14:00:19Z"
    },
    {
      "id": "wCjV55xYHI0",
      "title": "🤣🤣🤣🤣 #babymatifa #funny #tiktok #babyluke #dubai matifa #comedy #family #humor #luke #mdr #humor",
      "channel": "MatiFamily Officiel",
      "url": "https://www.youtube.com/watch?v=wCjV55xYHI0",
      "embedUrl": "https://www.youtube.com/embed/wCjV55xYHI0",
      "published": "2023-11-02T17:48:16Z"
    },
    {
      "id": "7OdwB7aor8w",
      "title": "চাপাবাজিতে কে সেরা? 🤣 Trending Comedy Video 2025 😂 Amazing Funny Video 2024",
      "channel": "Puchir Ma",
      "url": "https://www.youtube.com/watch?v=7OdwB7aor8w",
      "embedUrl": "https://www.youtube.com/embed/7OdwB7aor8w",
      "published": "2025-02-04T11:04:13Z"
    },
    {
      "id": "DqSNF3G1S5M",
      "title": "Best Viral Fails of the Year 2025 | Try Not To Laugh Challenge",
      "channel": "FailArmy",
      "url": "https://www.youtube.com/watch?v=DqSNF3G1S5M",
      "embedUrl": "https://www.youtube.com/embed/DqSNF3G1S5M",
      "published": "2025-07-02T13:00:22Z"
    },
    {
      "id": "JRJjDUB3RhM",
      "title": "I&#39;m Totally Going Viral | Best FailArmy Fails ",
      "channel": "FailArmy",
      "url": "https://www.youtube.com/watch?v=JRJjDUB3RhM",
      "embedUrl": "https://www.youtube.com/embed/JRJjDUB3RhM",
      "published": "2025-11-05T14:00:38Z"
    },
    {
      "id": "3WJcMvLFQ7s",
      "title": "Best Scary Fails 2025 | Pranks and Close Calls 😱",
      "channel": "FailArmy",
      "url": "https://www.youtube.com/watch?v=3WJcMvLFQ7s",
      "embedUrl": "https://www.youtube.com/embed/3WJcMvLFQ7s",
      "published": "2025-10-29T13:00:08Z"
    },
    {
      "id": "7LzXghN8Y4k",
      "title": "Try Not to Laugh! | Best Fails of the Week",
      "channel": "FailArmy",
      "url": "https://www.youtube.com/watch?v=7LzXghN8Y4k",
      "embedUrl": "https://www.youtube.com/embed/7LzXghN8Y4k",
      "published": "2025-10-17T13:00:10Z"
    },
    {
      "id": "VHcFqxDLuV4",
      "title": "Expensive Fails and Crashes | Best Fails of the Week",
      "channel": "FailArmy",
      "url": "https://www.youtube.com/watch?v=VHcFqxDLuV4",
      "embedUrl": "https://www.youtube.com/embed/VHcFqxDLuV4",
      "published": "2025-11-07T14:00:52Z"
    },
    {
      "id": "taTGjKXSrfo",
      "title": "Chaos Caught on Camera! | Best Fails of the Week",
      "channel": "FailArmy",
      "url": "https://www.youtube.com/watch?v=taTGjKXSrfo",
      "embedUrl": "https://www.youtube.com/embed/taTGjKXSrfo",
      "published": "2025-09-19T13:02:03Z"
    },
    {
      "id": "WNzt-EMjYdY",
      "title": "Fails You Missed 2025 | Best of Asia ",
      "channel": "FailArmy",
      "url": "https://www.youtube.com/watch?v=WNzt-EMjYdY",
      "embedUrl": "https://www.youtube.com/embed/WNzt-EMjYdY",
      "published": "2025-09-03T13:01:06Z"
    },
    {
      "id": "LvSrgbnrQN0",
      "title": "Best Fails of the Week | Summer 2025 Fails",
      "channel": "FailArmy",
      "url": "https://www.youtube.com/watch?v=LvSrgbnrQN0",
      "embedUrl": "https://www.youtube.com/embed/LvSrgbnrQN0",
      "published": "2025-06-06T13:00:37Z"
    },
    {
      "id": "FXyGMwhJmT0",
      "title": "Absolute Chaos and Destruction | Best Fails of the Week",
      "channel": "FailArmy",
      "url": "https://www.youtube.com/watch?v=FXyGMwhJmT0",
      "embedUrl": "https://www.youtube.com/embed/FXyGMwhJmT0",
      "published": "2025-09-12T13:00:36Z"
    },
    {
      "id": "g5fc1bYfjqM",
      "title": "100% Embarrassing | Best Fails of the Week",
      "channel": "FailArmy",
      "url": "https://www.youtube.com/watch?v=g5fc1bYfjqM",
      "embedUrl": "https://www.youtube.com/embed/g5fc1bYfjqM",
      "published": "2025-10-03T13:01:34Z"
    },
    {
      "id": "hrDlcU1JfwU",
      "title": "Stupidity Caught on Camera | Best Fails of the Week 🤪",
      "channel": "FailArmy",
      "url": "https://www.youtube.com/watch?v=hrDlcU1JfwU",
      "embedUrl": "https://www.youtube.com/embed/hrDlcU1JfwU",
      "published": "2025-09-05T13:01:24Z"
    },
    {
      "id": "4NYVYwkF01w",
      "title": "Best Submissions of 2025 So Far",
      "channel": "FailArmy 2.0",
      "url": "https://www.youtube.com/watch?v=4NYVYwkF01w",
      "embedUrl": "https://www.youtube.com/embed/4NYVYwkF01w",
      "published": "2025-07-08T18:32:23Z"
    },
    {
      "id": "bjXAj4CC4PI",
      "title": "Year of the Fails | How 2025 is Going So Far",
      "channel": "FailArmy",
      "url": "https://www.youtube.com/watch?v=bjXAj4CC4PI",
      "embedUrl": "https://www.youtube.com/embed/bjXAj4CC4PI",
      "published": "2025-03-12T13:00:52Z"
    },
    {
      "id": "aB3EO0EiApE",
      "title": "Big Ball Fails | Best of the Month",
      "channel": "FailArmy",
      "url": "https://www.youtube.com/watch?v=aB3EO0EiApE",
      "embedUrl": "https://www.youtube.com/embed/aB3EO0EiApE",
      "published": "2025-09-24T13:00:03Z"
    },
    {
      "id": "Hygv4TGAkGE",
      "title": "Best New Fails of the Week | Viral Crash Outs!",
      "channel": "FailArmy",
      "url": "https://www.youtube.com/watch?v=Hygv4TGAkGE",
      "embedUrl": "https://www.youtube.com/embed/Hygv4TGAkGE",
      "published": "2025-10-24T13:00:42Z"
    },
    {
      "id": "eX9Gqc55lQQ",
      "title": "Best Fails of the Week | Fails You Can Feel  ",
      "channel": "FailArmy",
      "url": "https://www.youtube.com/watch?v=eX9Gqc55lQQ",
      "embedUrl": "https://www.youtube.com/embed/eX9Gqc55lQQ",
      "published": "2025-08-22T13:01:19Z"
    },
    {
      "id": "1JDeBp_hy1k",
      "title": "Best Summer Fails | Try Not to Laugh😂",
      "channel": "FailArmy",
      "url": "https://www.youtube.com/watch?v=1JDeBp_hy1k",
      "embedUrl": "https://www.youtube.com/embed/1JDeBp_hy1k",
      "published": "2025-07-30T13:00:05Z"
    },
    {
      "id": "kRbh7l7MspM",
      "title": "Try Not To Laugh 🤣 Best of FailArmy Fails",
      "channel": "FailArmy",
      "url": "https://www.youtube.com/watch?v=kRbh7l7MspM",
      "embedUrl": "https://www.youtube.com/embed/kRbh7l7MspM",
      "published": "2025-10-22T13:01:36Z"
    },
    {
      "id": "QO0_-iTWj4E",
      "title": "Best Fails of the Week | Epic Try Not to Laugh Challenge  😆 😆",
      "channel": "FailArmy",
      "url": "https://www.youtube.com/watch?v=QO0_-iTWj4E",
      "embedUrl": "https://www.youtube.com/embed/QO0_-iTWj4E",
      "published": "2025-07-18T13:00:49Z"
    },
    {
      "id": "2RCoP_N3KQk",
      "title": "Best Fails of September 2025 😂 Try Not to Laugh Challenge",
      "channel": "BRAIN TIME",
      "url": "https://www.youtube.com/watch?v=2RCoP_N3KQk",
      "embedUrl": "https://www.youtube.com/embed/2RCoP_N3KQk",
      "published": "2025-09-28T13:01:35Z"
    },
    {
      "id": "GJKZN-ncnL4",
      "title": "Best Vehicle Fails of 2025 So Far |  Wild Wednesday Fails!",
      "channel": "FailArmy",
      "url": "https://www.youtube.com/watch?v=GJKZN-ncnL4",
      "embedUrl": "https://www.youtube.com/embed/GJKZN-ncnL4",
      "published": "2025-06-18T13:00:36Z"
    },
    {
      "id": "WCLFHLDdOoI",
      "title": "Best Fails You Missed 2025 | Instant Karma!",
      "channel": "FailArmy",
      "url": "https://www.youtube.com/watch?v=WCLFHLDdOoI",
      "embedUrl": "https://www.youtube.com/embed/WCLFHLDdOoI",
      "published": "2025-07-23T13:00:56Z"
    },
    {
      "id": "q9ecsoFHcjQ",
      "title": "Crazy Viral Fails Compilation | Chaos in 2025",
      "channel": "FailArmy 2.0",
      "url": "https://www.youtube.com/watch?v=q9ecsoFHcjQ",
      "embedUrl": "https://www.youtube.com/embed/q9ecsoFHcjQ",
      "published": "2025-03-11T13:01:13Z"
    },
    {
      "id": "tHcejkXhRYM",
      "title": "Crazy Fails You Can&#39;t Miss 2025",
      "channel": "FailArmy",
      "url": "https://www.youtube.com/watch?v=tHcejkXhRYM",
      "embedUrl": "https://www.youtube.com/embed/tHcejkXhRYM",
      "published": "2025-06-11T13:01:37Z"
    },
    {
      "id": "7zT4oSvoHls",
      "title": "Viral Crash-outs and Chaos | Best of the Week",
      "channel": "FailArmy",
      "url": "https://www.youtube.com/watch?v=7zT4oSvoHls",
      "embedUrl": "https://www.youtube.com/embed/7zT4oSvoHls",
      "published": "2025-08-29T13:00:25Z"
    },
    {
      "id": "nU-_EC8TVr0",
      "title": "Parenting Gone Wrong 😂 | Best Fails of 2025",
      "channel": "FailArmy",
      "url": "https://www.youtube.com/watch?v=nU-_EC8TVr0",
      "embedUrl": "https://www.youtube.com/embed/nU-_EC8TVr0",
      "published": "2025-02-26T14:01:03Z"
    },
    {
      "id": "rHMNISBVqSY",
      "title": "Best Fails of the Week | Close Calls and Crazy People 😆",
      "channel": "FailArmy",
      "url": "https://www.youtube.com/watch?v=rHMNISBVqSY",
      "embedUrl": "https://www.youtube.com/embed/rHMNISBVqSY",
      "published": "2025-07-11T13:01:48Z"
    },
    {
      "id": "uvhmuF1xMX8",
      "title": "4K Viral Fails Caught on Camera | Best of FailArmy",
      "channel": "FailArmy",
      "url": "https://www.youtube.com/watch?v=uvhmuF1xMX8",
      "embedUrl": "https://www.youtube.com/embed/uvhmuF1xMX8",
      "published": "2025-10-15T13:02:07Z"
    },
    {
      "id": "g5U9rmGUF_U",
      "title": "Worst Fails of the Year | Try Not to Laugh 💩",
      "channel": "FailArmy",
      "url": "https://www.youtube.com/watch?v=g5U9rmGUF_U",
      "embedUrl": "https://www.youtube.com/embed/g5U9rmGUF_U",
      "published": "2024-12-31T14:00:46Z"
    },
    {
      "id": "6CqxdJoyfYQ",
      "title": "Scary Close Calls | Final Destination IRL",
      "channel": "FailArmy",
      "url": "https://www.youtube.com/watch?v=6CqxdJoyfYQ",
      "embedUrl": "https://www.youtube.com/embed/6CqxdJoyfYQ",
      "published": "2025-10-01T13:00:14Z"
    },
    {
      "id": "3ofBzgkKWNs",
      "title": "Best Fails of the Week | Chaos Caught on Camera!",
      "channel": "FailArmy",
      "url": "https://www.youtube.com/watch?v=3ofBzgkKWNs",
      "embedUrl": "https://www.youtube.com/embed/3ofBzgkKWNs",
      "published": "2025-08-15T13:00:07Z"
    },
    {
      "id": "y-rmfcZ0o3c",
      "title": "Best Fails Ever | Epic Try Not to Laugh 😂",
      "channel": "FailArmy",
      "url": "https://www.youtube.com/watch?v=y-rmfcZ0o3c",
      "embedUrl": "https://www.youtube.com/embed/y-rmfcZ0o3c",
      "published": "2025-07-09T13:02:00Z"
    },
    {
      "id": "foSqpzE2ZDE",
      "title": "Best Viral Fails You Missed | Chaos and Stupidity🤣",
      "channel": "FailArmy",
      "url": "https://www.youtube.com/watch?v=foSqpzE2ZDE",
      "embedUrl": "https://www.youtube.com/embed/foSqpzE2ZDE",
      "published": "2025-09-10T13:01:31Z"
    },
    {
      "id": "LRH7JLvAIus",
      "title": "Best Fails of the Month | International Fails",
      "channel": "FailArmy International",
      "url": "https://www.youtube.com/watch?v=LRH7JLvAIus",
      "embedUrl": "https://www.youtube.com/embed/LRH7JLvAIus",
      "published": "2025-08-28T13:00:43Z"
    },
    {
      "id": "RiWgdjal290",
      "title": "Big Giant Trashy Fails | World&#39;s Most Expensive",
      "channel": "FailArmy",
      "url": "https://www.youtube.com/watch?v=RiWgdjal290",
      "embedUrl": "https://www.youtube.com/embed/RiWgdjal290",
      "published": "2025-10-08T13:01:01Z"
    },
    {
      "id": "llKoAFM-Ggw",
      "title": "Best Fails of the Week | Try Not to Laugh!",
      "channel": "FailArmy",
      "url": "https://www.youtube.com/watch?v=llKoAFM-Ggw",
      "embedUrl": "https://www.youtube.com/embed/llKoAFM-Ggw",
      "published": "2025-06-27T13:01:35Z"
    },
    {
      "id": "kFk7Ar8Y9Fg",
      "title": "Moments of Instant Regret | Embarrassing Fails",
      "channel": "FailArmy International",
      "url": "https://www.youtube.com/watch?v=kFk7Ar8Y9Fg",
      "embedUrl": "https://www.youtube.com/embed/kFk7Ar8Y9Fg",
      "published": "2025-08-14T13:01:20Z"
    },
    {
      "id": "0ii0cSvpVx0",
      "title": "Karens Caught on Camera! | Humanity is Doomed!",
      "channel": "FailArmy",
      "url": "https://www.youtube.com/watch?v=0ii0cSvpVx0",
      "embedUrl": "https://www.youtube.com/embed/0ii0cSvpVx0",
      "published": "2025-09-17T13:00:01Z"
    },
    {
      "id": "JcymlnlXPOA",
      "title": "Funny Embarrassing Fails | People Being Idiots",
      "channel": "FailArmy International",
      "url": "https://www.youtube.com/watch?v=JcymlnlXPOA",
      "embedUrl": "https://www.youtube.com/embed/JcymlnlXPOA",
      "published": "2025-06-22T13:00:36Z"
    },
    {
      "id": "iuKXA7i0Guo",
      "title": "Best Backyard Fails | Yard Work Gone Wrong",
      "channel": "FailArmy 2.0",
      "url": "https://www.youtube.com/watch?v=iuKXA7i0Guo",
      "embedUrl": "https://www.youtube.com/embed/iuKXA7i0Guo",
      "published": "2025-09-23T13:01:29Z"
    },
    {
      "id": "t71GphcRrr4",
      "title": "Crazy Summer Fails 2025 🌊| Brutal Try Not to Laugh",
      "channel": "FailArmy",
      "url": "https://www.youtube.com/watch?v=t71GphcRrr4",
      "embedUrl": "https://www.youtube.com/embed/t71GphcRrr4",
      "published": "2024-08-21T13:01:04Z"
    },
    {
      "id": "_iv-309_F1E",
      "title": "Fails that Only Get Worse | Funniest Fails Ever",
      "channel": "FailArmy 2.0",
      "url": "https://www.youtube.com/watch?v=_iv-309_F1E",
      "embedUrl": "https://www.youtube.com/embed/_iv-309_F1E",
      "published": "2025-10-14T13:01:14Z"
    },
    {
      "id": "4KVW-LAM-zA",
      "title": "Best Videos You Can&#39;t Miss 🤣 Men Caught on Camera",
      "channel": "FailArmy",
      "url": "https://www.youtube.com/watch?v=4KVW-LAM-zA",
      "embedUrl": "https://www.youtube.com/embed/4KVW-LAM-zA",
      "published": "2025-08-27T13:00:07Z"
    },
    {
      "id": "3OXN4UgEGhI",
      "title": "Outrageous Airline and Sky Fails | Wild Wednesday Fails!",
      "channel": "FailArmy",
      "url": "https://www.youtube.com/watch?v=3OXN4UgEGhI",
      "embedUrl": "https://www.youtube.com/embed/3OXN4UgEGhI",
      "published": "2025-06-25T13:00:12Z"
    },
    {
      "id": "w6urQm7Prs4",
      "title": "Best Fails Of The Year | Try Not To Laugh",
      "channel": "FailArmy",
      "url": "https://www.youtube.com/watch?v=w6urQm7Prs4",
      "embedUrl": "https://www.youtube.com/embed/w6urQm7Prs4",
      "published": "2022-12-07T14:00:21Z"
    },
    {
      "id": "KjkVMnl0cas",
      "title": "General Fails You Can&#39;t Miss! FailArmy",
      "channel": "FailArmy",
      "url": "https://www.youtube.com/watch?v=KjkVMnl0cas",
      "embedUrl": "https://www.youtube.com/embed/KjkVMnl0cas",
      "published": "2025-02-19T14:00:31Z"
    },
    {
      "id": "NmsRKp-q5vs",
      "title": "Cringiest Viral Fails | Best Fails of the Month",
      "channel": "FailArmy 2.0",
      "url": "https://www.youtube.com/watch?v=NmsRKp-q5vs",
      "embedUrl": "https://www.youtube.com/embed/NmsRKp-q5vs",
      "published": "2025-10-25T13:00:49Z"
    },
    {
      "id": "PP68eOKN8Ds",
      "title": "Best Fails of the Week | Funniest Crash Out Moments",
      "channel": "FailArmy",
      "url": "https://www.youtube.com/watch?v=PP68eOKN8Ds",
      "embedUrl": "https://www.youtube.com/embed/PP68eOKN8Ds",
      "published": "2025-08-01T13:00:54Z"
    },
    {
      "id": "e70kLxpphDg",
      "title": "1 hour Memes of 2025 | Try Not To Laugh Impossible",
      "channel": "Viral Memes",
      "url": "https://www.youtube.com/watch?v=e70kLxpphDg",
      "embedUrl": "https://www.youtube.com/embed/e70kLxpphDg",
      "published": "2025-02-02T10:19:15Z"
    },
    {
      "id": "7WzQN86i7uc",
      "title": "Try Not to Laugh CLEAN 😂 IMPOSSIBLE | Funny Memes Compilation 2025",
      "channel": "TreyJam",
      "url": "https://www.youtube.com/watch?v=7WzQN86i7uc",
      "embedUrl": "https://www.youtube.com/embed/7WzQN86i7uc",
      "published": "2025-04-11T20:47:00Z"
    },
    {
      "id": "MOIgDpVTySI",
      "title": "Try Not to Laugh CLEAN 😂 IMPOSSIBLE | Funny Memes 2025 #2",
      "channel": "TreyJam",
      "url": "https://www.youtube.com/watch?v=MOIgDpVTySI",
      "embedUrl": "https://www.youtube.com/embed/MOIgDpVTySI",
      "published": "2025-06-13T18:17:01Z"
    },
    {
      "id": "J3t7EYyj6j8",
      "title": "Try Not to Laugh Challenge 🤣 Best Fails of September 2025",
      "channel": "Life Awesome",
      "url": "https://www.youtube.com/watch?v=J3t7EYyj6j8",
      "embedUrl": "https://www.youtube.com/embed/J3t7EYyj6j8",
      "published": "2025-09-27T13:00:06Z"
    },
    {
      "id": "dkY_O4dEyu4",
      "title": "Best Funny Videos Of 2025 😂😁 | Try Not To Laugh CHALLENGE (Impossible)",
      "channel": "Top Things",
      "url": "https://www.youtube.com/watch?v=dkY_O4dEyu4",
      "embedUrl": "https://www.youtube.com/embed/dkY_O4dEyu4",
      "published": "2025-11-01T15:56:31Z"
    },
    {
      "id": "1YZ1y16H8S0",
      "title": "Best Funny Videos Of 2025 😂😁 TRY NOT TO LAUGH Funny Videos",
      "channel": "Top Things",
      "url": "https://www.youtube.com/watch?v=1YZ1y16H8S0",
      "embedUrl": "https://www.youtube.com/embed/1YZ1y16H8S0",
      "published": "2025-08-30T14:50:22Z"
    },
    {
      "id": "8p-hs-5tKmM",
      "title": "Try Not to Laugh CLEAN 😂 IMPOSSIBLE | Funny Memes Compilation 2025",
      "channel": "TreyJam",
      "url": "https://www.youtube.com/watch?v=8p-hs-5tKmM",
      "embedUrl": "https://www.youtube.com/embed/8p-hs-5tKmM",
      "published": "2025-03-14T20:17:00Z"
    },
    {
      "id": "-5owdbat9f4",
      "title": "Try Not to Laugh Challenge 🤣 ULTIMATE Funny Fails 2025",
      "channel": "Life Awesome",
      "url": "https://www.youtube.com/watch?v=-5owdbat9f4",
      "embedUrl": "https://www.youtube.com/embed/-5owdbat9f4",
      "published": "2025-07-15T13:00:00Z"
    },
    {
      "id": "cZ7Lp6ED4EQ",
      "title": "Try Not to Laugh Challenge Impossible🤣 Best Fails of July 2025",
      "channel": "Life Awesome",
      "url": "https://www.youtube.com/watch?v=cZ7Lp6ED4EQ",
      "embedUrl": "https://www.youtube.com/embed/cZ7Lp6ED4EQ",
      "published": "2025-08-05T13:01:22Z"
    },
    {
      "id": "JMYMOwHYWlE",
      "title": "Best Funny Videos Of 2025 😂 TRY NOT TO LAUGH Funny Videos",
      "channel": "Top Things",
      "url": "https://www.youtube.com/watch?v=JMYMOwHYWlE",
      "embedUrl": "https://www.youtube.com/embed/JMYMOwHYWlE",
      "published": "2025-07-05T16:09:55Z"
    },
    {
      "id": "vY4nBa_JWrM",
      "title": "1 hour of memes but you laugh you restart",
      "channel": "The Meme Sheep",
      "url": "https://www.youtube.com/watch?v=vY4nBa_JWrM",
      "embedUrl": "https://www.youtube.com/embed/vY4nBa_JWrM",
      "published": "2025-09-06T15:09:47Z"
    },
    {
      "id": "VDAzCfNTxlU",
      "title": "Try Not to Laugh Challenge (IMPOSSIBLE) Laugh and You Lose! Part 18",
      "channel": "Laugh Trapped",
      "url": "https://www.youtube.com/watch?v=VDAzCfNTxlU",
      "embedUrl": "https://www.youtube.com/embed/VDAzCfNTxlU",
      "published": "2025-07-22T14:00:48Z"
    }
  ]
}