{
  "updatedAt": "2025-11-11T19:31:52.452Z",
  "items": [
    {
      "id": "zHhR3daI3bY",
      "title": "Man Vs Baby | Official Trailer | Netflix",
      "channel": "Netflix",
      "url": "https://www.youtube.com/watch?v=zHhR3daI3bY",
      "embedUrl": "https://www.youtube.com/embed/zHhR3daI3bY",
      "published": "2025-11-10T12:00:01Z"
    },
    {
      "id": "2LTJPXQ78EI",
      "title": "DRACULA Official US Trailer (2025)",
      "channel": "Movie Trailers Source",
      "url": "https://www.youtube.com/watch?v=2LTJPXQ78EI",
      "embedUrl": "https://www.youtube.com/embed/2LTJPXQ78EI",
      "published": "2025-11-11T14:05:39Z"
    },
    {
      "id": "ZCgGzp7uNkU",
      "title": "THE PLAGUE Official Trailer (2025)",
      "channel": "Movie Trailers Source",
      "url": "https://www.youtube.com/watch?v=ZCgGzp7uNkU",
      "embedUrl": "https://www.youtube.com/embed/ZCgGzp7uNkU",
      "published": "2025-11-10T16:09:30Z"
    },
    {
      "id": "_iHJHYjq7XI",
      "title": "The Running Man | Final Trailer (2025 Movie) - Edgar Wright, Glen Powell",
      "channel": "Paramount Pictures",
      "url": "https://www.youtube.com/watch?v=_iHJHYjq7XI",
      "embedUrl": "https://www.youtube.com/embed/_iHJHYjq7XI",
      "published": "2025-11-10T14:00:32Z"
    },
    {
      "id": "mSjJSPx8Kvg",
      "title": "NEW MOVIE TRAILERS 2025 &amp; 2026",
      "channel": "KinoCheck.com",
      "url": "https://www.youtube.com/watch?v=mSjJSPx8Kvg",
      "embedUrl": "https://www.youtube.com/embed/mSjJSPx8Kvg",
      "published": "2025-10-24T18:09:11Z"
    },
    {
      "id": "GXecSGmQDEI",
      "title": "Roofman | Official Trailer (2025 Movie) - Channing Tatum, Kirsten Dunst",
      "channel": "Paramount Pictures",
      "url": "https://www.youtube.com/watch?v=GXecSGmQDEI",
      "embedUrl": "https://www.youtube.com/embed/GXecSGmQDEI",
      "published": "2025-06-25T13:00:08Z"
    },
    {
      "id": "CgXdfZSsCuE",
      "title": "INFLUENCERS Official Trailer (2025)",
      "channel": "Movie Trailers Source",
      "url": "https://www.youtube.com/watch?v=CgXdfZSsCuE",
      "embedUrl": "https://www.youtube.com/embed/CgXdfZSsCuE",
      "published": "2025-11-10T19:45:28Z"
    },
    {
      "id": "_-QaG5pXu2c",
      "title": "Merv - Official Trailer (2025) Charlie Cox, Zooey Deschanel",
      "channel": "IGN",
      "url": "https://www.youtube.com/watch?v=_-QaG5pXu2c",
      "embedUrl": "https://www.youtube.com/embed/_-QaG5pXu2c",
      "published": "2025-11-11T15:01:07Z"
    },
    {
      "id": "W6-1qR17ww0",
      "title": "HUNTING SEASON Official Trailer (2025) Mel Gibson",
      "channel": "Movie Trailers Source",
      "url": "https://www.youtube.com/watch?v=W6-1qR17ww0",
      "embedUrl": "https://www.youtube.com/embed/W6-1qR17ww0",
      "published": "2025-11-06T17:40:32Z"
    },
    {
      "id": "-SzkFgEqB6Y",
      "title": "Kill Bill: The Whole Bloody Affair (2025) Official Trailer - Uma Thurman",
      "channel": "Lionsgate Movies",
      "url": "https://www.youtube.com/watch?v=-SzkFgEqB6Y",
      "embedUrl": "https://www.youtube.com/embed/-SzkFgEqB6Y",
      "published": "2025-11-07T14:01:00Z"
    },
    {
      "id": "ps8IgGBcOMc",
      "title": "ROBIN HOOD Official Trailer (2025)",
      "channel": "Movie Trailers Source",
      "url": "https://www.youtube.com/watch?v=ps8IgGBcOMc",
      "embedUrl": "https://www.youtube.com/embed/ps8IgGBcOMc",
      "published": "2025-09-22T17:45:46Z"
    },
    {
      "id": "-w2zkCsxbqc",
      "title": "THE SAVANT Official Trailer (2025) Jessica Chastain",
      "channel": "Movie Trailers Source",
      "url": "https://www.youtube.com/watch?v=-w2zkCsxbqc",
      "embedUrl": "https://www.youtube.com/embed/-w2zkCsxbqc",
      "published": "2025-08-26T14:26:07Z"
    },
    {
      "id": "YzuHujdObTQ",
      "title": "NUREMBERG Official Trailer (2025)",
      "channel": "Movie Trailers Source",
      "url": "https://www.youtube.com/watch?v=YzuHujdObTQ",
      "embedUrl": "https://www.youtube.com/embed/YzuHujdObTQ",
      "published": "2025-08-27T16:15:25Z"
    },
    {
      "id": "4JqemxPKSnI",
      "title": "Regretting You | Official Trailer (2025 Movie) | Paramount Pictures Australia",
      "channel": "Paramount Pictures Australia",
      "url": "https://www.youtube.com/watch?v=4JqemxPKSnI",
      "embedUrl": "https://www.youtube.com/embed/4JqemxPKSnI",
      "published": "2025-08-05T21:30:00Z"
    },
    {
      "id": "KD18ddeFuyM",
      "title": "The Running Man | Official Trailer (2025 Movie) - Edgar Wright, Glen Powell",
      "channel": "Paramount Pictures",
      "url": "https://www.youtube.com/watch?v=KD18ddeFuyM",
      "embedUrl": "https://www.youtube.com/embed/KD18ddeFuyM",
      "published": "2025-07-01T13:00:03Z"
    },
    {
      "id": "-E3lMRx7HRQ",
      "title": "Now You See Me: Now You Don’t (2025) Official Trailer",
      "channel": "Lionsgate Movies",
      "url": "https://www.youtube.com/watch?v=-E3lMRx7HRQ",
      "embedUrl": "https://www.youtube.com/embed/-E3lMRx7HRQ",
      "published": "2025-04-29T16:54:59Z"
    },
    {
      "id": "RrktXOjOtps",
      "title": "Michael | Official Trailer - HD",
      "channel": "Universal Pictures UK",
      "url": "https://www.youtube.com/watch?v=RrktXOjOtps",
      "embedUrl": "https://www.youtube.com/embed/RrktXOjOtps",
      "published": "2025-11-06T14:00:56Z"
    },
    {
      "id": "xHVlwgCL-r0",
      "title": "NEW MOVIE TRAILERS 2025",
      "channel": "KinoCheck.com",
      "url": "https://www.youtube.com/watch?v=xHVlwgCL-r0",
      "embedUrl": "https://www.youtube.com/embed/xHVlwgCL-r0",
      "published": "2025-10-10T19:04:15Z"
    },
    {
      "id": "xPuQDtdHwBk",
      "title": "BEST UPCOMING MOVIES 2025 &amp; 2026 (Trailers)",
      "channel": "FilmSpot Trailer",
      "url": "https://www.youtube.com/watch?v=xPuQDtdHwBk",
      "embedUrl": "https://www.youtube.com/embed/xPuQDtdHwBk",
      "published": "2025-08-16T16:59:03Z"
    },
    {
      "id": "LEQqe4jDu-M",
      "title": "Regretting You | Official Trailer (2025)",
      "channel": "Entertainment Tonight",
      "url": "https://www.youtube.com/watch?v=LEQqe4jDu-M",
      "embedUrl": "https://www.youtube.com/embed/LEQqe4jDu-M",
      "published": "2025-08-05T13:01:05Z"
    },
    {
      "id": "43R9l7EkJwE",
      "title": "Predator: Badlands | Official Trailer",
      "channel": "20th Century Studios",
      "url": "https://www.youtube.com/watch?v=43R9l7EkJwE",
      "embedUrl": "https://www.youtube.com/embed/43R9l7EkJwE",
      "published": "2025-07-21T16:00:06Z"
    },
    {
      "id": "h0XwCIcx-KQ",
      "title": "THE RUNNING MAN Official Final Trailer (2025)",
      "channel": "Movie Trailers Source",
      "url": "https://www.youtube.com/watch?v=h0XwCIcx-KQ",
      "embedUrl": "https://www.youtube.com/embed/h0XwCIcx-KQ",
      "published": "2025-11-10T14:22:08Z"
    },
    {
      "id": "8aulMPhE12g",
      "title": "Frankenstein | Guillermo del Toro | Official Trailer | Netflix",
      "channel": "Netflix",
      "url": "https://www.youtube.com/watch?v=8aulMPhE12g",
      "embedUrl": "https://www.youtube.com/embed/8aulMPhE12g",
      "published": "2025-10-01T13:00:01Z"
    },
    {
      "id": "WvAy9C-bipY",
      "title": "NUREMBERG | Official Trailer #1 (2025)",
      "channel": "Sony Pictures Classics",
      "url": "https://www.youtube.com/watch?v=WvAy9C-bipY",
      "embedUrl": "https://www.youtube.com/embed/WvAy9C-bipY",
      "published": "2025-10-08T16:02:39Z"
    },
    {
      "id": "nb_fFj_0rq8",
      "title": "Avatar: Fire and Ash | Official Trailer",
      "channel": "Avatar",
      "url": "https://www.youtube.com/watch?v=nb_fFj_0rq8",
      "embedUrl": "https://www.youtube.com/embed/nb_fFj_0rq8",
      "published": "2025-07-28T15:00:09Z"
    },
    {
      "id": "qub8lZlVlho",
      "title": "Regretting You | Official Trailer (2025)- McKenna Grace, Mason Thames, Allison Williams, Dave Franco",
      "channel": "Paramount Pictures",
      "url": "https://www.youtube.com/watch?v=qub8lZlVlho",
      "embedUrl": "https://www.youtube.com/embed/qub8lZlVlho",
      "published": "2025-08-05T13:00:02Z"
    },
    {
      "id": "WphzEoD8Gwk",
      "title": "DRACULA Official New Trailer (2025) Christoph Waltz, Luc Besson Movie HD",
      "channel": "Rapid Trailer",
      "url": "https://www.youtube.com/watch?v=WphzEoD8Gwk",
      "embedUrl": "https://www.youtube.com/embed/WphzEoD8Gwk",
      "published": "2025-11-11T14:09:12Z"
    },
    {
      "id": "5dP-Dgwg_Xo",
      "title": "REVERENCE Official Trailer (2025)",
      "channel": "Movie Trailers Source",
      "url": "https://www.youtube.com/watch?v=5dP-Dgwg_Xo",
      "embedUrl": "https://www.youtube.com/embed/5dP-Dgwg_Xo",
      "published": "2025-10-20T20:33:33Z"
    },
    {
      "id": "a9pHkX7c3y8",
      "title": "Mortal Kombat II | Official Red Band Trailer",
      "channel": "Mortal Kombat",
      "url": "https://www.youtube.com/watch?v=a9pHkX7c3y8",
      "embedUrl": "https://www.youtube.com/embed/a9pHkX7c3y8",
      "published": "2025-07-17T16:06:50Z"
    },
    {
      "id": "v4qAW7xuKNQ",
      "title": "Most Anticipated Movies [2025 - 2026] New Upcoming Trailers 4K",
      "channel": "MovieGasm‍․com",
      "url": "https://www.youtube.com/watch?v=v4qAW7xuKNQ",
      "embedUrl": "https://www.youtube.com/embed/v4qAW7xuKNQ",
      "published": "2025-10-24T19:53:18Z"
    },
    {
      "id": "UuGf9fYHOpo",
      "title": "Avatar: Fire and Ash | Official Hindi Trailer | In Cinemas December 19",
      "channel": "20th Century Studios India",
      "url": "https://www.youtube.com/watch?v=UuGf9fYHOpo",
      "embedUrl": "https://www.youtube.com/embed/UuGf9fYHOpo",
      "published": "2025-07-28T16:00:21Z"
    },
    {
      "id": "oQXdM3J33No",
      "title": "Springsteen: Deliver Me From Nowhere | Official Trailer",
      "channel": "20th Century Studios",
      "url": "https://www.youtube.com/watch?v=oQXdM3J33No",
      "embedUrl": "https://www.youtube.com/embed/oQXdM3J33No",
      "published": "2025-06-18T12:01:18Z"
    },
    {
      "id": "1QbfJzTPY4w",
      "title": "The Woman in Cabin 10 | Official Trailer | Netflix",
      "channel": "Netflix",
      "url": "https://www.youtube.com/watch?v=1QbfJzTPY4w",
      "embedUrl": "https://www.youtube.com/embed/1QbfJzTPY4w",
      "published": "2025-08-26T12:00:02Z"
    },
    {
      "id": "Hzk4ovnGOyw",
      "title": "Troll 2 | Official Trailer | Netflix",
      "channel": "Netflix",
      "url": "https://www.youtube.com/watch?v=Hzk4ovnGOyw",
      "embedUrl": "https://www.youtube.com/embed/Hzk4ovnGOyw",
      "published": "2025-10-21T13:00:04Z"
    },
    {
      "id": "I7AuqSL7bFo",
      "title": "THE BEST UPCOMING MOVIES 2025 &amp; 2026 (Trailers)",
      "channel": "KinoCheck.com",
      "url": "https://www.youtube.com/watch?v=I7AuqSL7bFo",
      "embedUrl": "https://www.youtube.com/embed/I7AuqSL7bFo",
      "published": "2025-09-26T16:17:21Z"
    },
    {
      "id": "B6GOlZvq1kg",
      "title": "LOST HORIZON Official Trailer (2025) Action Movie HD",
      "channel": "Rapid Trailer",
      "url": "https://www.youtube.com/watch?v=B6GOlZvq1kg",
      "embedUrl": "https://www.youtube.com/embed/B6GOlZvq1kg",
      "published": "2025-11-11T12:00:50Z"
    },
    {
      "id": "HJuS4baeaxU",
      "title": "The Smashing Machine | Official Trailer 2 HD | A24",
      "channel": "A24",
      "url": "https://www.youtube.com/watch?v=HJuS4baeaxU",
      "embedUrl": "https://www.youtube.com/embed/HJuS4baeaxU",
      "published": "2025-09-09T12:59:00Z"
    },
    {
      "id": "ckYBObO0PNg",
      "title": "LANDMAN Season 2 Official Trailer (2025) Billy Bob Thornton, Taylor Sheridan, Drama Series HD",
      "channel": "Trailer Feed",
      "url": "https://www.youtube.com/watch?v=ckYBObO0PNg",
      "embedUrl": "https://www.youtube.com/embed/ckYBObO0PNg",
      "published": "2025-10-01T18:50:43Z"
    },
    {
      "id": "vAtUHeMQ1F8",
      "title": "The Long Walk (2025) Official Trailer - Cooper Hoffman, David Jonsson",
      "channel": "Lionsgate Movies",
      "url": "https://www.youtube.com/watch?v=vAtUHeMQ1F8",
      "embedUrl": "https://www.youtube.com/embed/vAtUHeMQ1F8",
      "published": "2025-05-07T14:59:58Z"
    },
    {
      "id": "t2ivCCRuNJk",
      "title": "PREDATOR: Badlands Official Final Trailer (2025)",
      "channel": "KinoCheck.com",
      "url": "https://www.youtube.com/watch?v=t2ivCCRuNJk",
      "embedUrl": "https://www.youtube.com/embed/t2ivCCRuNJk",
      "published": "2025-10-06T16:07:12Z"
    },
    {
      "id": "kBYPpzsn6Bk",
      "title": "TURBULENCE Official Trailer (2025) Olga Kurylenko",
      "channel": "Movie Trailers Source",
      "url": "https://www.youtube.com/watch?v=kBYPpzsn6Bk",
      "embedUrl": "https://www.youtube.com/embed/kBYPpzsn6Bk",
      "published": "2025-11-07T14:25:08Z"
    },
    {
      "id": "s6IDbICsCWk",
      "title": "BEST UPCOMING MOVIES 2025 &amp; 2026 (Trailers)",
      "channel": "FilmSpot Trailer",
      "url": "https://www.youtube.com/watch?v=s6IDbICsCWk",
      "embedUrl": "https://www.youtube.com/embed/s6IDbICsCWk",
      "published": "2025-10-16T15:53:01Z"
    },
    {
      "id": "1Z5Gnnddss4",
      "title": "DIE MY LOVE Trailer (2025) Robert Pattinson, Jennifer Lawrence",
      "channel": "ONE Media",
      "url": "https://www.youtube.com/watch?v=1Z5Gnnddss4",
      "embedUrl": "https://www.youtube.com/embed/1Z5Gnnddss4",
      "published": "2025-09-05T13:19:33Z"
    },
    {
      "id": "hpEy0iOixb4",
      "title": "HIM | Official Trailer",
      "channel": "Universal Pictures",
      "url": "https://www.youtube.com/watch?v=hpEy0iOixb4",
      "embedUrl": "https://www.youtube.com/embed/hpEy0iOixb4",
      "published": "2025-08-06T14:59:51Z"
    },
    {
      "id": "N9t-ofzY3kg",
      "title": "SISU 2: Road to Revenge Official Trailer (2025)",
      "channel": "KinoCheck.com",
      "url": "https://www.youtube.com/watch?v=N9t-ofzY3kg",
      "embedUrl": "https://www.youtube.com/embed/N9t-ofzY3kg",
      "published": "2025-08-27T14:06:30Z"
    },
    {
      "id": "UJrghaPJ0RY",
      "title": "Scream 7 | Official Trailer (2026 Movie) – Neve Campbell, Courteney Cox",
      "channel": "Paramount Pictures",
      "url": "https://www.youtube.com/watch?v=UJrghaPJ0RY",
      "embedUrl": "https://www.youtube.com/embed/UJrghaPJ0RY",
      "published": "2025-10-30T13:00:02Z"
    },
    {
      "id": "lFzhHr_lwcs",
      "title": "THE TIGER Official Trailer (2025)",
      "channel": "KinoCheck.com",
      "url": "https://www.youtube.com/watch?v=lFzhHr_lwcs",
      "embedUrl": "https://www.youtube.com/embed/lFzhHr_lwcs",
      "published": "2025-07-29T15:10:14Z"
    },
    {
      "id": "aB-0tPYF4V0",
      "title": "IT: WELCOME TO DERRY Official Red Band Trailer (2025)",
      "channel": "KinoCheck.com",
      "url": "https://www.youtube.com/watch?v=aB-0tPYF4V0",
      "embedUrl": "https://www.youtube.com/embed/aB-0tPYF4V0",
      "published": "2025-10-14T17:04:18Z"
    },
    {
      "id": "5lFTclUWljM",
      "title": "THE BEST UPCOMING MOVIES 2025 &amp; 2026 (Trailers)",
      "channel": "KinoCheck.com",
      "url": "https://www.youtube.com/watch?v=5lFTclUWljM",
      "embedUrl": "https://www.youtube.com/embed/5lFTclUWljM",
      "published": "2025-11-07T21:29:58Z"
    },
    {
      "id": "FLMF5Cz6xXY",
      "title": "THE BEST UPCOMING ACTION MOVIES 2025 &amp; 2026 (Trailers)",
      "channel": "KinoCheck.com",
      "url": "https://www.youtube.com/watch?v=FLMF5Cz6xXY",
      "embedUrl": "https://www.youtube.com/embed/FLMF5Cz6xXY",
      "published": "2025-11-05T17:16:21Z"
    },
    {
      "id": "Dpe0lWI5DUk",
      "title": "NEW MOVIE TRAILERS 2025",
      "channel": "KinoCheck.com",
      "url": "https://www.youtube.com/watch?v=Dpe0lWI5DUk",
      "embedUrl": "https://www.youtube.com/embed/Dpe0lWI5DUk",
      "published": "2025-08-22T19:03:52Z"
    },
    {
      "id": "NZ_OheD3ops",
      "title": "THE RIP Trailer (2025) Matt Damon, Ben Affleck",
      "channel": "ONE Media",
      "url": "https://www.youtube.com/watch?v=NZ_OheD3ops",
      "embedUrl": "https://www.youtube.com/embed/NZ_OheD3ops",
      "published": "2025-09-10T12:09:44Z"
    },
    {
      "id": "nEXn-LpPjmI",
      "title": "BIGGEST MOVIE TRAILERS (2025 - 2026) New",
      "channel": "MovieGasm‍․com",
      "url": "https://www.youtube.com/watch?v=nEXn-LpPjmI",
      "embedUrl": "https://www.youtube.com/embed/nEXn-LpPjmI",
      "published": "2025-10-09T01:26:25Z"
    },
    {
      "id": "pprp_tkLYD8",
      "title": "NEW MOVIE TRAILERS 2025",
      "channel": "KinoCheck.com",
      "url": "https://www.youtube.com/watch?v=pprp_tkLYD8",
      "embedUrl": "https://www.youtube.com/embed/pprp_tkLYD8",
      "published": "2025-07-18T16:11:53Z"
    },
    {
      "id": "OJ9dyB1ve2Y",
      "title": "Most Anticipated Movies (2025 - 2026) New Upcoming Trailers | 4K",
      "channel": "Rapid Trailer",
      "url": "https://www.youtube.com/watch?v=OJ9dyB1ve2Y",
      "embedUrl": "https://www.youtube.com/embed/OJ9dyB1ve2Y",
      "published": "2025-10-30T19:34:02Z"
    },
    {
      "id": "hwnGBjA80LQ",
      "title": "NEW MOVIE TRAILERS 2025 | 4K",
      "channel": "MovieGasm‍․com",
      "url": "https://www.youtube.com/watch?v=hwnGBjA80LQ",
      "embedUrl": "https://www.youtube.com/embed/hwnGBjA80LQ",
      "published": "2025-06-23T01:23:36Z"
    },
    {
      "id": "G2gaVBY4-u4",
      "title": "NEW MOVIE TRAILERS 2025",
      "channel": "KinoCheck.com",
      "url": "https://www.youtube.com/watch?v=G2gaVBY4-u4",
      "embedUrl": "https://www.youtube.com/embed/G2gaVBY4-u4",
      "published": "2025-06-20T16:17:46Z"
    },
    {
      "id": "AuYmKbtnmEA",
      "title": "Michael | Official Trailer",
      "channel": "Universal Pictures",
      "url": "https://www.youtube.com/watch?v=AuYmKbtnmEA",
      "embedUrl": "https://www.youtube.com/embed/AuYmKbtnmEA",
      "published": "2025-11-07T17:25:48Z"
    },
    {
      "id": "60o-jIdGn10",
      "title": "BIGGEST MOVIE TRAILERS (2025 - 2026) New",
      "channel": "MovieGasm‍․com",
      "url": "https://www.youtube.com/watch?v=60o-jIdGn10",
      "embedUrl": "https://www.youtube.com/embed/60o-jIdGn10",
      "published": "2025-05-08T19:16:23Z"
    },
    {
      "id": "ZKWndx83RwQ",
      "title": "Good Fortune (2025) Official Trailer - Seth Rogen, Aziz Ansari, Keke Palmer, Keanu Reeves",
      "channel": "Lionsgate Movies",
      "url": "https://www.youtube.com/watch?v=ZKWndx83RwQ",
      "embedUrl": "https://www.youtube.com/embed/ZKWndx83RwQ",
      "published": "2025-07-23T13:00:22Z"
    },
    {
      "id": "SEORHjIunGE",
      "title": "The Best New Movie Trailers (2025 &amp; 2026) 4K Ultra HD",
      "channel": "Trailer Feed",
      "url": "https://www.youtube.com/watch?v=SEORHjIunGE",
      "embedUrl": "https://www.youtube.com/embed/SEORHjIunGE",
      "published": "2025-10-31T17:18:11Z"
    },
    {
      "id": "r0YPmGttIIU",
      "title": "NEW UPCOMING ANIMATION MOVIES 2025 &amp; 2026 (Trailers)",
      "channel": "KinoCheck Family",
      "url": "https://www.youtube.com/watch?v=r0YPmGttIIU",
      "embedUrl": "https://www.youtube.com/embed/r0YPmGttIIU",
      "published": "2025-08-22T16:33:50Z"
    },
    {
      "id": "6sGXEGErTJ0",
      "title": "NEW MOVIE TRAILERS 2025",
      "channel": "KinoCheck.com",
      "url": "https://www.youtube.com/watch?v=6sGXEGErTJ0",
      "embedUrl": "https://www.youtube.com/embed/6sGXEGErTJ0",
      "published": "2025-09-17T16:07:52Z"
    },
    {
      "id": "tgP3s9sw6S4",
      "title": "NEW MOVIE TRAILERS 2025",
      "channel": "MovieGasm‍․com",
      "url": "https://www.youtube.com/watch?v=tgP3s9sw6S4",
      "embedUrl": "https://www.youtube.com/embed/tgP3s9sw6S4",
      "published": "2025-09-14T22:57:47Z"
    },
    {
      "id": "6TgOckt_Kdw",
      "title": "NEW MOVIE TRAILERS (2025 - 2026)",
      "channel": "Rapid Trailer",
      "url": "https://www.youtube.com/watch?v=6TgOckt_Kdw",
      "embedUrl": "https://www.youtube.com/embed/6TgOckt_Kdw",
      "published": "2025-10-24T16:01:24Z"
    },
    {
      "id": "PDzg19dIQDQ",
      "title": "WATCHMAN- Official Trailer | Ajay Devgan | Tabu | Nawazuddin |Ashutosh Rana | New Movie Trailer",
      "channel": "Phantom Pictures™",
      "url": "https://www.youtube.com/watch?v=PDzg19dIQDQ",
      "embedUrl": "https://www.youtube.com/embed/PDzg19dIQDQ",
      "published": "2025-11-11T12:30:14Z"
    },
    {
      "id": "a86UGTUCLWo",
      "title": "THE BEST UPCOMING HORROR MOVIES 2025 &amp; 2026 (Trailers)",
      "channel": "KinoCheck.com",
      "url": "https://www.youtube.com/watch?v=a86UGTUCLWo",
      "embedUrl": "https://www.youtube.com/embed/a86UGTUCLWo",
      "published": "2025-10-03T16:28:10Z"
    },
    {
      "id": "ODKwUs-SKzo",
      "title": "NEW MOVIE TRAILERS (2025) June",
      "channel": "MovieGasm‍․com",
      "url": "https://www.youtube.com/watch?v=ODKwUs-SKzo",
      "embedUrl": "https://www.youtube.com/embed/ODKwUs-SKzo",
      "published": "2025-06-20T01:27:15Z"
    },
    {
      "id": "_KttqggYRn8",
      "title": "NEW MOVIE TRAILERS (2025 - 2026) Sci-Fi Action Thriller",
      "channel": "MovieGasm‍․com",
      "url": "https://www.youtube.com/watch?v=_KttqggYRn8",
      "embedUrl": "https://www.youtube.com/embed/_KttqggYRn8",
      "published": "2025-04-08T00:52:53Z"
    },
    {
      "id": "_PS6rQBXJ54",
      "title": "NEW MOVIE TRAILERS 2025 (Action) | 4K ULTRA HD",
      "channel": "TrailerSpot",
      "url": "https://www.youtube.com/watch?v=_PS6rQBXJ54",
      "embedUrl": "https://www.youtube.com/embed/_PS6rQBXJ54",
      "published": "2025-01-11T16:44:13Z"
    },
    {
      "id": "QzrAmCUmykk",
      "title": "Middle Class - Trailer | Munishkanth, Vijayalakshmi | Kishore Muthuramalingam | Pranav Muniraj",
      "channel": "TrendMusic",
      "url": "https://www.youtube.com/watch?v=QzrAmCUmykk",
      "embedUrl": "https://www.youtube.com/embed/QzrAmCUmykk",
      "published": "2025-11-11T11:30:23Z"
    },
    {
      "id": "6cWp9zVu28s",
      "title": "The Best Upcoming Movies 2025 &amp; 2026 (Trailer)",
      "channel": "MovieGasm‍․com",
      "url": "https://www.youtube.com/watch?v=6cWp9zVu28s",
      "embedUrl": "https://www.youtube.com/embed/6cWp9zVu28s",
      "published": "2025-10-07T00:37:48Z"
    },
    {
      "id": "cDL3Zjdz514",
      "title": "Predator: Badlands | Final Trailer",
      "channel": "20th Century Studios",
      "url": "https://www.youtube.com/watch?v=cDL3Zjdz514",
      "embedUrl": "https://www.youtube.com/embed/cDL3Zjdz514",
      "published": "2025-10-06T15:59:59Z"
    },
    {
      "id": "irXTps1REHU",
      "title": "Eternity | Official Trailer HD | A24",
      "channel": "A24",
      "url": "https://www.youtube.com/watch?v=irXTps1REHU",
      "embedUrl": "https://www.youtube.com/embed/irXTps1REHU",
      "published": "2025-07-29T12:59:00Z"
    },
    {
      "id": "OYMSyrWU3Mo",
      "title": "NEW MOVIE TRAILERS 2025 &amp; 2026 (4K ULTRA HD)",
      "channel": "TrailerSpot",
      "url": "https://www.youtube.com/watch?v=OYMSyrWU3Mo",
      "embedUrl": "https://www.youtube.com/embed/OYMSyrWU3Mo",
      "published": "2025-10-22T12:00:47Z"
    },
    {
      "id": "P8wB9P_wj8E",
      "title": "THE 10 BEST NEW MOVIE TRAILERS 2025 (August)",
      "channel": "KinoCheck.com",
      "url": "https://www.youtube.com/watch?v=P8wB9P_wj8E",
      "embedUrl": "https://www.youtube.com/embed/P8wB9P_wj8E",
      "published": "2025-09-02T19:12:50Z"
    },
    {
      "id": "iWKOoGeSAwc",
      "title": "New Trailers This Week | Week 45 (2025)",
      "channel": "Rotten Tomatoes Trailers",
      "url": "https://www.youtube.com/watch?v=iWKOoGeSAwc",
      "embedUrl": "https://www.youtube.com/embed/iWKOoGeSAwc",
      "published": "2025-11-10T14:01:13Z"
    },
    {
      "id": "cZyU7mBXwLc",
      "title": "Anaconda - Official Trailer (2025) Jack Black, Paul Rudd, Steve Zahn",
      "channel": "IGN",
      "url": "https://www.youtube.com/watch?v=cZyU7mBXwLc",
      "embedUrl": "https://www.youtube.com/embed/cZyU7mBXwLc",
      "published": "2025-09-17T13:39:43Z"
    },
    {
      "id": "hky_ODZk4BE",
      "title": "THE BEST UPCOMING MOVIES IN NOVEMBER 2025 (Trailers)",
      "channel": "KinoCheck.com",
      "url": "https://www.youtube.com/watch?v=hky_ODZk4BE",
      "embedUrl": "https://www.youtube.com/embed/hky_ODZk4BE",
      "published": "2025-10-31T17:13:08Z"
    },
    {
      "id": "R4wiXj9NmEE",
      "title": "Send Help | Official Trailer | In Theaters Jan 30",
      "channel": "20th Century Studios",
      "url": "https://www.youtube.com/watch?v=R4wiXj9NmEE",
      "embedUrl": "https://www.youtube.com/embed/R4wiXj9NmEE",
      "published": "2025-10-14T16:00:36Z"
    },
    {
      "id": "az8M5Mai0X4",
      "title": "ANACONDA – Official Trailer (HD)",
      "channel": "Sony Pictures Entertainment",
      "url": "https://www.youtube.com/watch?v=az8M5Mai0X4",
      "embedUrl": "https://www.youtube.com/embed/az8M5Mai0X4",
      "published": "2025-09-17T13:00:05Z"
    },
    {
      "id": "eqIzrf45d_g",
      "title": "BEST NEW MOVIE TRAILERS (2025 - 2026) 4K ULTRA HD",
      "channel": "Trailer Feed",
      "url": "https://www.youtube.com/watch?v=eqIzrf45d_g",
      "embedUrl": "https://www.youtube.com/embed/eqIzrf45d_g",
      "published": "2025-10-03T14:05:08Z"
    },
    {
      "id": "48CtX6OgU3s",
      "title": "The Housemaid (2025) Official Trailer – Sydney Sweeney, Amanda Seyfried, Brandon Sklenar",
      "channel": "Lionsgate Movies",
      "url": "https://www.youtube.com/watch?v=48CtX6OgU3s",
      "embedUrl": "https://www.youtube.com/embed/48CtX6OgU3s",
      "published": "2025-09-16T16:00:06Z"
    },
    {
      "id": "lgoxHC7WF9w",
      "title": "Marvel Television’s Wonder Man | Official Trailer | Disney+",
      "channel": "Marvel Entertainment",
      "url": "https://www.youtube.com/watch?v=lgoxHC7WF9w",
      "embedUrl": "https://www.youtube.com/embed/lgoxHC7WF9w",
      "published": "2025-10-11T18:12:35Z"
    },
    {
      "id": "wtKDtVIpeFA",
      "title": "THE BEST NEW ACTION MOVIES 2025 &amp; 2026 (Trailers)",
      "channel": "KinoCheck.com",
      "url": "https://www.youtube.com/watch?v=wtKDtVIpeFA",
      "embedUrl": "https://www.youtube.com/embed/wtKDtVIpeFA",
      "published": "2025-10-07T16:09:07Z"
    },
    {
      "id": "-IonP3Hworw",
      "title": "NEW UPCOMING MOVIES (2025) Trailer",
      "channel": "MovieGasm‍․com",
      "url": "https://www.youtube.com/watch?v=-IonP3Hworw",
      "embedUrl": "https://www.youtube.com/embed/-IonP3Hworw",
      "published": "2025-06-09T13:42:08Z"
    },
    {
      "id": "uogrgIasYcA",
      "title": "Now You See Me: Now You Don’t (2025) - Official Trailer #2",
      "channel": "Lionsgate Movies",
      "url": "https://www.youtube.com/watch?v=uogrgIasYcA",
      "embedUrl": "https://www.youtube.com/embed/uogrgIasYcA",
      "published": "2025-09-18T15:00:11Z"
    },
    {
      "id": "kFgj7oCDC9M",
      "title": "THE BEST UPCOMING MOVIES 2025 (Trailers)",
      "channel": "KinoCheck.com",
      "url": "https://www.youtube.com/watch?v=kFgj7oCDC9M",
      "embedUrl": "https://www.youtube.com/embed/kFgj7oCDC9M",
      "published": "2025-07-11T16:20:05Z"
    },
    {
      "id": "xl8Fpi5GX4s",
      "title": "NEW UPCOMING MOVIES [2026] Official Trailer | Sci-Fi Action Movies (4K)",
      "channel": "MovieGasm‍․com",
      "url": "https://www.youtube.com/watch?v=xl8Fpi5GX4s",
      "embedUrl": "https://www.youtube.com/embed/xl8Fpi5GX4s",
      "published": "2025-11-08T21:55:33Z"
    },
    {
      "id": "ORqVCaX4e-0",
      "title": "New Upcoming Movies 2025 (Trailers)",
      "channel": "MovieGasm‍․com",
      "url": "https://www.youtube.com/watch?v=ORqVCaX4e-0",
      "embedUrl": "https://www.youtube.com/embed/ORqVCaX4e-0",
      "published": "2025-06-28T00:10:31Z"
    },
    {
      "id": "UzSQXyKS4DY",
      "title": "DRACULA Official Trailer (2025) 4K ULTRA | New Upcoming Movies",
      "channel": "MovieGasm‍․com",
      "url": "https://www.youtube.com/watch?v=UzSQXyKS4DY",
      "embedUrl": "https://www.youtube.com/embed/UzSQXyKS4DY",
      "published": "2025-06-05T21:21:53Z"
    },
    {
      "id": "xDEQV9JGa3M",
      "title": "One Battle After Another | Official Trailer 2",
      "channel": "Warner Bros. India",
      "url": "https://www.youtube.com/watch?v=xDEQV9JGa3M",
      "embedUrl": "https://www.youtube.com/embed/xDEQV9JGa3M",
      "published": "2025-07-24T12:31:16Z"
    },
    {
      "id": "ZdC5mFHPldg",
      "title": "Mortal Kombat II | Official Trailer",
      "channel": "Warner Bros.",
      "url": "https://www.youtube.com/watch?v=ZdC5mFHPldg",
      "embedUrl": "https://www.youtube.com/embed/ZdC5mFHPldg",
      "published": "2025-07-17T16:05:00Z"
    },
    {
      "id": "zuY06x6LGK8",
      "title": "THE BEST UPCOMING ANIMATION MOVIES 2025 &amp; 2026 (Trailers)",
      "channel": "KinoCheck.com",
      "url": "https://www.youtube.com/watch?v=zuY06x6LGK8",
      "embedUrl": "https://www.youtube.com/embed/zuY06x6LGK8",
      "published": "2025-08-06T18:09:48Z"
    },
    {
      "id": "YShVEXb7-ic",
      "title": "Tron: Ares | Official Trailer",
      "channel": "Disney",
      "url": "https://www.youtube.com/watch?v=YShVEXb7-ic",
      "embedUrl": "https://www.youtube.com/embed/YShVEXb7-ic",
      "published": "2025-07-17T16:00:55Z"
    },
    {
      "id": "bd_5HcTujfc",
      "title": "BUGONIA - Official Trailer [HD] - Only in Theaters October 24",
      "channel": "Focus Features",
      "url": "https://www.youtube.com/watch?v=bd_5HcTujfc",
      "embedUrl": "https://www.youtube.com/embed/bd_5HcTujfc",
      "published": "2025-08-28T14:00:01Z"
    },
    {
      "id": "kQUPdVxZNPk",
      "title": "One Battle After Another | Official Trailer 2",
      "channel": "Warner Bros.",
      "url": "https://www.youtube.com/watch?v=kQUPdVxZNPk",
      "embedUrl": "https://www.youtube.com/embed/kQUPdVxZNPk",
      "published": "2025-07-24T12:30:06Z"
    },
    {
      "id": "GBoPv4bhgGs",
      "title": "THE WORLD WILL TREMBLE Official Trailer (2025)",
      "channel": "Movie Trailers Source",
      "url": "https://www.youtube.com/watch?v=GBoPv4bhgGs",
      "embedUrl": "https://www.youtube.com/embed/GBoPv4bhgGs",
      "published": "2025-02-25T18:57:46Z"
    },
    {
      "id": "VmStqCXIgio",
      "title": "SISU: ROAD TO REVENGE - Official Trailer (HD)",
      "channel": "Sony Pictures Entertainment",
      "url": "https://www.youtube.com/watch?v=VmStqCXIgio",
      "embedUrl": "https://www.youtube.com/embed/VmStqCXIgio",
      "published": "2025-08-27T14:00:49Z"
    },
    {
      "id": "uLguU7WLreA",
      "title": "The Naked Gun | Official Trailer (2025 Movie) - Liam Neeson, Pamela Anderson",
      "channel": "Paramount Pictures",
      "url": "https://www.youtube.com/watch?v=uLguU7WLreA",
      "embedUrl": "https://www.youtube.com/embed/uLguU7WLreA",
      "published": "2025-06-16T13:00:13Z"
    }
  ]
}