{
  "updatedAt": "2025-11-11T19:31:55.123Z",
  "items": [
    {
      "id": "uXyxFMbqKYA",
      "title": "Luke Combs - When It Rains It Pours (Official Video)",
      "channel": "LukeCombsVEVO",
      "url": "https://www.youtube.com/watch?v=uXyxFMbqKYA",
      "embedUrl": "https://www.youtube.com/embed/uXyxFMbqKYA",
      "published": "2017-08-15T07:00:06Z"
    },
    {
      "id": "kWP7hDlOtpY",
      "title": "New Order Blue Monday 🔥 Best Shuffle Dance Music Video 2023 on a viral TikTok Song",
      "channel": "Shuffling Studio",
      "url": "https://www.youtube.com/watch?v=kWP7hDlOtpY",
      "embedUrl": "https://www.youtube.com/embed/kWP7hDlOtpY",
      "published": "2022-10-27T13:40:00Z"
    },
    {
      "id": "sOK8NHuCkv4",
      "title": "Top 100 music videos of all time (RYM)",
      "channel": "Radio Jazel",
      "url": "https://www.youtube.com/watch?v=sOK8NHuCkv4",
      "embedUrl": "https://www.youtube.com/embed/sOK8NHuCkv4",
      "published": "2025-05-30T18:35:34Z"
    },
    {
      "id": "OZU2fSpJHkw",
      "title": "TOP 100 MOST VIEWED MUSIC VIDEOS ⭐ 10/10 #music",
      "channel": "vaults.mp3",
      "url": "https://www.youtube.com/watch?v=OZU2fSpJHkw",
      "embedUrl": "https://www.youtube.com/embed/OZU2fSpJHkw",
      "published": "2025-05-14T20:49:43Z"
    },
    {
      "id": "2GWwZnlIxT8",
      "title": "Top 10 Most Viewed Music Videos Of All Time On YouTube",
      "channel": "DJ GallixC",
      "url": "https://www.youtube.com/watch?v=2GWwZnlIxT8",
      "embedUrl": "https://www.youtube.com/embed/2GWwZnlIxT8",
      "published": "2023-09-12T14:45:00Z"
    },
    {
      "id": "k2qgadSvNyU",
      "title": "Dua Lipa - New Rules (Official Music Video)",
      "channel": "Dua Lipa",
      "url": "https://www.youtube.com/watch?v=k2qgadSvNyU",
      "embedUrl": "https://www.youtube.com/embed/k2qgadSvNyU",
      "published": "2017-07-07T09:00:05Z"
    },
    {
      "id": "E9L-0x92vXk",
      "title": "Steps - It&#39;s the Way You Make Me Feel (Official Video)",
      "channel": "StepsVEVO",
      "url": "https://www.youtube.com/watch?v=E9L-0x92vXk",
      "embedUrl": "https://www.youtube.com/embed/E9L-0x92vXk",
      "published": "2009-10-25T18:57:43Z"
    },
    {
      "id": "BC19kwABFwc",
      "title": "Dua Lipa - Love Again (Official Music Video)",
      "channel": "Dua Lipa",
      "url": "https://www.youtube.com/watch?v=BC19kwABFwc",
      "embedUrl": "https://www.youtube.com/embed/BC19kwABFwc",
      "published": "2021-06-04T12:00:11Z"
    },
    {
      "id": "qqob4D3BoZc",
      "title": "Anne-Marie - Ciao Adios [Official Video]",
      "channel": "Anne-Marie",
      "url": "https://www.youtube.com/watch?v=qqob4D3BoZc",
      "embedUrl": "https://www.youtube.com/embed/qqob4D3BoZc",
      "published": "2017-03-09T15:48:09Z"
    },
    {
      "id": "MkElfR_NPBI",
      "title": "Little Mix - Black Magic (Official Video)",
      "channel": "littlemixVEVO",
      "url": "https://www.youtube.com/watch?v=MkElfR_NPBI",
      "embedUrl": "https://www.youtube.com/embed/MkElfR_NPBI",
      "published": "2015-05-29T07:00:00Z"
    },
    {
      "id": "lioR42laQBQ",
      "title": "Sunanda Sharma – Dilbar (Official Video) | Latest Punjabi Song 2025 | Kaptaan | Geet",
      "channel": "Sunanda Sharma",
      "url": "https://www.youtube.com/watch?v=lioR42laQBQ",
      "embedUrl": "https://www.youtube.com/embed/lioR42laQBQ",
      "published": "2025-11-10T11:30:07Z"
    },
    {
      "id": "pfxyk1glEq4",
      "title": "Chris Brown - Under The Influence (Official Video)",
      "channel": "ChrisBrownVEVO",
      "url": "https://www.youtube.com/watch?v=pfxyk1glEq4",
      "embedUrl": "https://www.youtube.com/embed/pfxyk1glEq4",
      "published": "2022-10-20T16:00:10Z"
    },
    {
      "id": "nfs8NYg7yQM",
      "title": "Charlie Puth - Attention [Official Video]",
      "channel": "Charlie Puth",
      "url": "https://www.youtube.com/watch?v=nfs8NYg7yQM",
      "embedUrl": "https://www.youtube.com/embed/nfs8NYg7yQM",
      "published": "2017-04-24T17:00:05Z"
    },
    {
      "id": "qgy7vEje5-w",
      "title": "Little Mix - Secret Love Song (Official Video) ft. Jason Derulo",
      "channel": "littlemixVEVO",
      "url": "https://www.youtube.com/watch?v=qgy7vEje5-w",
      "embedUrl": "https://www.youtube.com/embed/qgy7vEje5-w",
      "published": "2016-02-03T08:00:00Z"
    },
    {
      "id": "X3Ai6osw3Mk",
      "title": "Omah Lay - Understand (Official Music Video)",
      "channel": "Omah Lay",
      "url": "https://www.youtube.com/watch?v=X3Ai6osw3Mk",
      "embedUrl": "https://www.youtube.com/embed/X3Ai6osw3Mk",
      "published": "2021-07-29T14:00:04Z"
    },
    {
      "id": "TUVcZfQe-Kw",
      "title": "Dua Lipa - Levitating Featuring DaBaby (Official Music Video)",
      "channel": "Dua Lipa",
      "url": "https://www.youtube.com/watch?v=TUVcZfQe-Kw",
      "embedUrl": "https://www.youtube.com/embed/TUVcZfQe-Kw",
      "published": "2020-10-02T12:00:12Z"
    },
    {
      "id": "qetW6R9Jxs4",
      "title": "Eric Prydz – Call On Me (Official Music Video) | Ministry of Sound",
      "channel": "Ministry of Sound",
      "url": "https://www.youtube.com/watch?v=qetW6R9Jxs4",
      "embedUrl": "https://www.youtube.com/embed/qetW6R9Jxs4",
      "published": "2020-02-04T10:00:11Z"
    },
    {
      "id": "Il-an3K9pjg",
      "title": "Anne-Marie - 2002 [Official Video]",
      "channel": "Anne-Marie",
      "url": "https://www.youtube.com/watch?v=Il-an3K9pjg",
      "embedUrl": "https://www.youtube.com/embed/Il-an3K9pjg",
      "published": "2018-05-08T11:05:08Z"
    },
    {
      "id": "oorVWW9ywG0",
      "title": "POP SMOKE - DIOR (OFFICIAL VIDEO)",
      "channel": "POP SMOKE",
      "url": "https://www.youtube.com/watch?v=oorVWW9ywG0",
      "embedUrl": "https://www.youtube.com/embed/oorVWW9ywG0",
      "published": "2019-09-03T21:00:11Z"
    },
    {
      "id": "qBB_QOZNEdc",
      "title": "Hailee Steinfeld - Most Girls (Official Video)",
      "channel": "HaileeSteinfeldVEVO",
      "url": "https://www.youtube.com/watch?v=qBB_QOZNEdc",
      "embedUrl": "https://www.youtube.com/embed/qBB_QOZNEdc",
      "published": "2017-05-23T04:00:02Z"
    },
    {
      "id": "ucVUEmjKsko",
      "title": "Regard - Ride It (Official Video)",
      "channel": "Dj Regard Official",
      "url": "https://www.youtube.com/watch?v=ucVUEmjKsko",
      "embedUrl": "https://www.youtube.com/embed/ucVUEmjKsko",
      "published": "2019-10-04T08:00:09Z"
    },
    {
      "id": "av5JD1dfj_c",
      "title": "Sam Smith, Normani - Dancing With A Stranger (Official Music Video)",
      "channel": "SamSmithVEVO",
      "url": "https://www.youtube.com/watch?v=av5JD1dfj_c",
      "embedUrl": "https://www.youtube.com/embed/av5JD1dfj_c",
      "published": "2019-01-29T08:00:00Z"
    },
    {
      "id": "pSY3i5XHHXo",
      "title": "Central Cee x Dave - Sprinter [Music Video]",
      "channel": "Central Cee",
      "url": "https://www.youtube.com/watch?v=pSY3i5XHHXo",
      "embedUrl": "https://www.youtube.com/embed/pSY3i5XHHXo",
      "published": "2023-06-01T20:00:10Z"
    },
    {
      "id": "8ui9umU0C2g",
      "title": "Manchester Orchestra - The Silence (Official Music Video)",
      "channel": "manchesterorchVEVO",
      "url": "https://www.youtube.com/watch?v=8ui9umU0C2g",
      "embedUrl": "https://www.youtube.com/embed/8ui9umU0C2g",
      "published": "2018-12-13T05:00:00Z"
    },
    {
      "id": "M11SvDtPBhA",
      "title": "Miley Cyrus - Party In The U.S.A. (Official Video)",
      "channel": "HollywoodRecordsVEVO",
      "url": "https://www.youtube.com/watch?v=M11SvDtPBhA",
      "embedUrl": "https://www.youtube.com/embed/M11SvDtPBhA",
      "published": "2009-09-25T22:56:39Z"
    },
    {
      "id": "C-u5WLJ9Yk4",
      "title": "Britney Spears - ...Baby One More Time (Official Video)",
      "channel": "BritneySpearsVEVO",
      "url": "https://www.youtube.com/watch?v=C-u5WLJ9Yk4",
      "embedUrl": "https://www.youtube.com/embed/C-u5WLJ9Yk4",
      "published": "2009-10-25T07:08:26Z"
    },
    {
      "id": "IPfJnp1guPc",
      "title": "Khalid - Young Dumb &amp; Broke (Official Video)",
      "channel": "KhalidVEVO",
      "url": "https://www.youtube.com/watch?v=IPfJnp1guPc",
      "embedUrl": "https://www.youtube.com/embed/IPfJnp1guPc",
      "published": "2017-08-01T14:00:02Z"
    },
    {
      "id": "Mgfe5tIwOj0",
      "title": "Dua Lipa - IDGAF (Official Music Video)",
      "channel": "Dua Lipa",
      "url": "https://www.youtube.com/watch?v=Mgfe5tIwOj0",
      "embedUrl": "https://www.youtube.com/embed/Mgfe5tIwOj0",
      "published": "2018-01-12T12:00:07Z"
    },
    {
      "id": "5JD6ejmlpa8",
      "title": "Spice Girls - Stop (Official Music Video)",
      "channel": "SpiceGirlsVEVO",
      "url": "https://www.youtube.com/watch?v=5JD6ejmlpa8",
      "embedUrl": "https://www.youtube.com/embed/5JD6ejmlpa8",
      "published": "2009-03-12T03:57:05Z"
    },
    {
      "id": "UNZqm3dxd2w",
      "title": "Roddy Ricch - The Box [Official Music Video]",
      "channel": "Roddy Ricch",
      "url": "https://www.youtube.com/watch?v=UNZqm3dxd2w",
      "embedUrl": "https://www.youtube.com/embed/UNZqm3dxd2w",
      "published": "2020-02-28T23:00:10Z"
    },
    {
      "id": "3b4lo3lV4bg",
      "title": "Gunna - wgft (feat. Burna Boy) [Official Video]",
      "channel": "Gunna",
      "url": "https://www.youtube.com/watch?v=3b4lo3lV4bg",
      "embedUrl": "https://www.youtube.com/embed/3b4lo3lV4bg",
      "published": "2025-11-04T18:00:06Z"
    },
    {
      "id": "N2ICtCO8TCw",
      "title": "Take That - Back for Good (Official Video)",
      "channel": "TakeThatVEVO",
      "url": "https://www.youtube.com/watch?v=N2ICtCO8TCw",
      "embedUrl": "https://www.youtube.com/embed/N2ICtCO8TCw",
      "published": "2009-10-25T19:00:28Z"
    },
    {
      "id": "CGyEd0aKWZE",
      "title": "Ellie Goulding - Burn (Official Video)",
      "channel": "EllieGouldingVEVO",
      "url": "https://www.youtube.com/watch?v=CGyEd0aKWZE",
      "embedUrl": "https://www.youtube.com/embed/CGyEd0aKWZE",
      "published": "2013-07-07T23:00:13Z"
    },
    {
      "id": "Q_yuO8UNGmY",
      "title": "Ed Sheeran &amp; Elton John - Merry Christmas [Official Video]",
      "channel": "Ed Sheeran",
      "url": "https://www.youtube.com/watch?v=Q_yuO8UNGmY",
      "embedUrl": "https://www.youtube.com/embed/Q_yuO8UNGmY",
      "published": "2021-12-03T08:00:10Z"
    },
    {
      "id": "OT5msu-dap8",
      "title": "Backstreet Boys - Shape Of My Heart (Official HD Video)",
      "channel": "BackstreetBoysVEVO",
      "url": "https://www.youtube.com/watch?v=OT5msu-dap8",
      "embedUrl": "https://www.youtube.com/embed/OT5msu-dap8",
      "published": "2011-05-25T11:34:30Z"
    },
    {
      "id": "YQ5Jv4x_Hp0",
      "title": "Now United - How We Do It ft. Badshah (Official Music Video)",
      "channel": "NOW UNITED",
      "url": "https://www.youtube.com/watch?v=YQ5Jv4x_Hp0",
      "embedUrl": "https://www.youtube.com/embed/YQ5Jv4x_Hp0",
      "published": "2018-12-15T15:57:47Z"
    },
    {
      "id": "RSNmgE6L8AU",
      "title": "Keane - Everybody&#39;s Changing (Official Music Video)",
      "channel": "KeaneVEVO",
      "url": "https://www.youtube.com/watch?v=RSNmgE6L8AU",
      "embedUrl": "https://www.youtube.com/embed/RSNmgE6L8AU",
      "published": "2009-10-09T01:52:29Z"
    },
    {
      "id": "ebXbLfLACGM",
      "title": "Calvin Harris - Summer (Official Video)",
      "channel": "CalvinHarrisVEVO",
      "url": "https://www.youtube.com/watch?v=ebXbLfLACGM",
      "embedUrl": "https://www.youtube.com/embed/ebXbLfLACGM",
      "published": "2014-04-06T23:00:01Z"
    },
    {
      "id": "GVuh1lfrEwE",
      "title": "Sia &amp; David Guetta - Beautiful people (Music Video 2025) | Sora",
      "channel": "NeoCraft",
      "url": "https://www.youtube.com/watch?v=GVuh1lfrEwE",
      "embedUrl": "https://www.youtube.com/embed/GVuh1lfrEwE",
      "published": "2025-03-29T11:23:53Z"
    },
    {
      "id": "yH1fk7WLiMc",
      "title": "Maluma - BRONCEADOR (Official Video)",
      "channel": "MalumaVEVO",
      "url": "https://www.youtube.com/watch?v=yH1fk7WLiMc",
      "embedUrl": "https://www.youtube.com/embed/yH1fk7WLiMc",
      "published": "2025-07-18T00:00:06Z"
    },
    {
      "id": "SZpiiixlHWY",
      "title": "Tyla - IS IT (Official Music Video)",
      "channel": "TylaVEVO",
      "url": "https://www.youtube.com/watch?v=SZpiiixlHWY",
      "embedUrl": "https://www.youtube.com/embed/SZpiiixlHWY",
      "published": "2025-07-11T04:00:06Z"
    },
    {
      "id": "vaGf8fmtBr4",
      "title": "Maroon 5 - Priceless ft. LISA (Official Video)",
      "channel": "Maroon5VEVO",
      "url": "https://www.youtube.com/watch?v=vaGf8fmtBr4",
      "embedUrl": "https://www.youtube.com/embed/vaGf8fmtBr4",
      "published": "2025-05-02T04:00:07Z"
    },
    {
      "id": "uvY8fdgezLQ",
      "title": "Zara Larsson - Midnight Sun (Official Music Video)",
      "channel": "ZaraLarssonMusicVEVO",
      "url": "https://www.youtube.com/watch?v=uvY8fdgezLQ",
      "embedUrl": "https://www.youtube.com/embed/uvY8fdgezLQ",
      "published": "2025-06-24T04:00:07Z"
    },
    {
      "id": "ko70cExuzZM",
      "title": "Taylor Swift - The Fate of Ophelia (Official Music Video)",
      "channel": "Taylor Swift",
      "url": "https://www.youtube.com/watch?v=ko70cExuzZM",
      "embedUrl": "https://www.youtube.com/embed/ko70cExuzZM",
      "published": "2025-10-05T23:00:06Z"
    },
    {
      "id": "aSugSGCC12I",
      "title": "Sabrina Carpenter - Manchild (Official Video)",
      "channel": "SabrinaCarpenterVEVO",
      "url": "https://www.youtube.com/watch?v=aSugSGCC12I",
      "embedUrl": "https://www.youtube.com/embed/aSugSGCC12I",
      "published": "2025-06-06T14:00:06Z"
    },
    {
      "id": "X4g30-XY9Ck",
      "title": "Chris Brown - Holy Blindfold (Official Video)",
      "channel": "ChrisBrownVEVO",
      "url": "https://www.youtube.com/watch?v=X4g30-XY9Ck",
      "embedUrl": "https://www.youtube.com/embed/X4g30-XY9Ck",
      "published": "2025-07-30T14:00:49Z"
    },
    {
      "id": "JEmbyx8NLxA",
      "title": "Calvin Harris, Clementine Douglas - Blessings (Official Video)",
      "channel": "CalvinHarrisVEVO",
      "url": "https://www.youtube.com/watch?v=JEmbyx8NLxA",
      "embedUrl": "https://www.youtube.com/embed/JEmbyx8NLxA",
      "published": "2025-06-13T12:00:36Z"
    },
    {
      "id": "S1lfgz6RbOU",
      "title": "Eminem ft. Billie Eilish - One Last Goodbye [Music Video 2025]",
      "channel": "Rearview",
      "url": "https://www.youtube.com/watch?v=S1lfgz6RbOU",
      "embedUrl": "https://www.youtube.com/embed/S1lfgz6RbOU",
      "published": "2025-05-23T15:00:06Z"
    },
    {
      "id": "S2fSojJqyNY",
      "title": "David Guetta &amp; Sia - Beautiful People (Official Video)",
      "channel": "David Guetta",
      "url": "https://www.youtube.com/watch?v=S2fSojJqyNY",
      "embedUrl": "https://www.youtube.com/embed/S2fSojJqyNY",
      "published": "2025-03-13T16:00:07Z"
    },
    {
      "id": "6fJI7xydShM",
      "title": "Lewis Capaldi - Survive (Official Video)",
      "channel": "LewisCapaldiVEVO",
      "url": "https://www.youtube.com/watch?v=6fJI7xydShM",
      "embedUrl": "https://www.youtube.com/embed/6fJI7xydShM",
      "published": "2025-06-27T07:00:06Z"
    },
    {
      "id": "pPmhuHLkfFM",
      "title": "Blue - One Last Time (Official Music Video)",
      "channel": "Official Blue",
      "url": "https://www.youtube.com/watch?v=pPmhuHLkfFM",
      "embedUrl": "https://www.youtube.com/embed/pPmhuHLkfFM",
      "published": "2025-09-14T17:00:07Z"
    },
    {
      "id": "B4u1nXhh5ck",
      "title": "Maroon 5 - Love is Like ft. Lil Wayne (Official Video)",
      "channel": "Maroon5VEVO",
      "url": "https://www.youtube.com/watch?v=B4u1nXhh5ck",
      "embedUrl": "https://www.youtube.com/embed/B4u1nXhh5ck",
      "published": "2025-08-15T04:00:07Z"
    },
    {
      "id": "V9PVRfjEBTI",
      "title": "Billie Eilish - BIRDS OF A FEATHER (Official Music Video)",
      "channel": "BillieEilishVEVO",
      "url": "https://www.youtube.com/watch?v=V9PVRfjEBTI",
      "embedUrl": "https://www.youtube.com/embed/V9PVRfjEBTI",
      "published": "2024-09-27T15:00:38Z"
    },
    {
      "id": "CQIYbytAyVQ",
      "title": "Tyla x Wizkid - DYNAMITE (Official Music Video)",
      "channel": "TylaVEVO",
      "url": "https://www.youtube.com/watch?v=CQIYbytAyVQ",
      "embedUrl": "https://www.youtube.com/embed/CQIYbytAyVQ",
      "published": "2025-08-04T19:30:06Z"
    },
    {
      "id": "tGLuMoaVG1E",
      "title": "Ciara, Tyga - Dance With Me (Official Music Video)",
      "channel": "Ciara",
      "url": "https://www.youtube.com/watch?v=tGLuMoaVG1E",
      "embedUrl": "https://www.youtube.com/embed/tGLuMoaVG1E",
      "published": "2025-08-22T04:00:06Z"
    },
    {
      "id": "5RQb1Ij5te8",
      "title": "Eminem - When I Die (Music Video) [2025]",
      "channel": "FMR Remix",
      "url": "https://www.youtube.com/watch?v=5RQb1Ij5te8",
      "embedUrl": "https://www.youtube.com/embed/5RQb1Ij5te8",
      "published": "2025-01-08T18:47:21Z"
    },
    {
      "id": "_NPe8d6n8qU",
      "title": "Mariah Carey - Type Dangerous (Official Music Video)",
      "channel": "MariahCareyVEVO",
      "url": "https://www.youtube.com/watch?v=_NPe8d6n8qU",
      "embedUrl": "https://www.youtube.com/embed/_NPe8d6n8qU",
      "published": "2025-06-14T19:00:06Z"
    },
    {
      "id": "O0rad064Um4",
      "title": "Lewis Capaldi - Survive (In Bloom Official Video)",
      "channel": "LewisCapaldiVEVO",
      "url": "https://www.youtube.com/watch?v=O0rad064Um4",
      "embedUrl": "https://www.youtube.com/embed/O0rad064Um4",
      "published": "2025-07-17T15:00:06Z"
    },
    {
      "id": "xSJy3LvWGkw",
      "title": "Sam Smith - To Be Free (Official Video)",
      "channel": "SamSmithVEVO",
      "url": "https://www.youtube.com/watch?v=xSJy3LvWGkw",
      "embedUrl": "https://www.youtube.com/embed/xSJy3LvWGkw",
      "published": "2025-07-24T16:00:07Z"
    },
    {
      "id": "GurljGjfrVs",
      "title": "Dean Lewis - With You (Official Video)",
      "channel": "DeanLewisVEVO",
      "url": "https://www.youtube.com/watch?v=GurljGjfrVs",
      "embedUrl": "https://www.youtube.com/embed/GurljGjfrVs",
      "published": "2025-01-09T13:00:07Z"
    },
    {
      "id": "MI9ZpIKgyf0",
      "title": "Ed Sheeran - Azizam (Official Music Video)",
      "channel": "Ed Sheeran",
      "url": "https://www.youtube.com/watch?v=MI9ZpIKgyf0",
      "embedUrl": "https://www.youtube.com/embed/MI9ZpIKgyf0",
      "published": "2025-04-17T16:00:06Z"
    },
    {
      "id": "O_0Wn73AnC8",
      "title": "Ed Sheeran - A Little More (Official Music Video)",
      "channel": "Ed Sheeran",
      "url": "https://www.youtube.com/watch?v=O_0Wn73AnC8",
      "embedUrl": "https://www.youtube.com/embed/O_0Wn73AnC8",
      "published": "2025-08-07T15:00:06Z"
    }
  ]
}